"file","bytes","md5"
"01_metadata/data_dictionary.csv",11138,"569a38375e458126480eda7d0d639b6a"
"01_metadata/stations.csv",20767,"a5c48cacb0cf8c79bf76b5823d12fcbb"
"02_attributes/climatic_indices.csv",10436,"02b57d61969f539d81b5fcfe402ce207"
"02_attributes/geologic_attributes.csv",7552,"d2cfa78b5f49d2a1c71b212bcc0dfe63"
"02_attributes/human_intervention_attributes.csv",9004,"48a0790f7950afb4685618c3dad33471"
"02_attributes/hydrological_signatures.csv",12028,"e52f9d5c034471dd3095a8613d226299"
"02_attributes/landcover_attributes.csv",8301,"b67f9acc52485c915a74d0edfb26a546"
"02_attributes/soil_attributes.csv",9135,"1c1892f477f06eb8b04d747edbfb3cee"
"02_attributes/topographic_attributes.csv",9453,"561b546bb979c52daeba964694037bbb"
"03_timeseries/by_catchment/PE_110139.csv",1121279,"906264b7a2ff11fb6c64b3bcd4675075"
"03_timeseries/by_catchment/PE_111151.csv",1154731,"d587734d407a26464ea1656d5b911671"
"03_timeseries/by_catchment/PE_1113346.csv",1204597,"1023df5a899736ff6a1743e625df48f8"
"03_timeseries/by_catchment/PE_1113355.csv",1197710,"a54d40573326b0a04365b9deacd07a8f"
"03_timeseries/by_catchment/PE_113.csv",1136664,"5579445256a6324fefd4cb17bc4eb197"
"03_timeseries/by_catchment/PE_114118.csv",1131600,"6ba8e0c8046d5bac4afb855d39e772f4"
"03_timeseries/by_catchment/PE_117059.csv",1133439,"dfaecd2e15e342457436dfe37383bed9"
"03_timeseries/by_catchment/PE_117060.csv",1119632,"3350d3e62874da166f2cd12d0b440359"
"03_timeseries/by_catchment/PE_200907.csv",1207045,"2439e32fcf0293fe2334abd262ef08f8"
"03_timeseries/by_catchment/PE_201201.csv",1150866,"70c1232be1bece0610e4ab19e19b6c44"
"03_timeseries/by_catchment/PE_201204.csv",1195219,"ca7bd4e9eb80b08b3218729c3ab36504"
"03_timeseries/by_catchment/PE_202906.csv",1151993,"021fd77b9c574b4fd16378a25d5b513d"
"03_timeseries/by_catchment/PE_203501.csv",1148134,"ca7041ba8dd65f6d92ae13bfe70b9bf6"
"03_timeseries/by_catchment/PE_204504.csv",1144606,"f4e776960d0901f0d9f590ef629ac618"
"03_timeseries/by_catchment/PE_204617.csv",1140540,"0aab62eab37262b722b8a0da9e084215"
"03_timeseries/by_catchment/PE_204707.csv",1127970,"f47ecb5b6fd6e1d35e4ee517ad4c2d70"
"03_timeseries/by_catchment/PE_204804.csv",1108346,"8ffb43bee7228da55beb01318c857059"
"03_timeseries/by_catchment/PE_204905.csv",1138912,"4a57b40f1b5ae676112b928448c089f5"
"03_timeseries/by_catchment/PE_210003.csv",1122184,"0eddeda2fe0aff97816b98345da12ac4"
"03_timeseries/by_catchment/PE_210006.csv",1181894,"46f343e1f6d1120b1134321b14a1394a"
"03_timeseries/by_catchment/PE_210102.csv",1130341,"49f52ae6c4a0513646c5c9618f3ccb34"
"03_timeseries/by_catchment/PE_210201.csv",1156188,"56738353683b81010a2058d3af39139e"
"03_timeseries/by_catchment/PE_210301.csv",1145178,"500bcafb8ba9a4d2d70876636b9abeae"
"03_timeseries/by_catchment/PE_210405.csv",1125905,"2337bb562b02a165fadbb28ddcc1a110"
"03_timeseries/by_catchment/PE_210406.csv",1130245,"78d3ec71d2f5091cfc0c1f25a019eafd"
"03_timeseries/by_catchment/PE_210407.csv",1148040,"16db1b7900259557009148e5f7fd1269"
"03_timeseries/by_catchment/PE_211001.csv",1200033,"1ded259f5fc69a7fb848c55a13400d15"
"03_timeseries/by_catchment/PE_211404.csv",1134636,"d550f554ba36bac814add545d1848de2"
"03_timeseries/by_catchment/PE_211408.csv",1186636,"d1dafd6928b7013cd66ba1e7cc020d21"
"03_timeseries/by_catchment/PE_212500.csv",1157611,"3b1a8f8b9bf979d801dc36afcb50b1f5"
"03_timeseries/by_catchment/PE_212600.csv",1193362,"f36e8bd46f157f8c59e73fc626fe09a0"
"03_timeseries/by_catchment/PE_212604.csv",1154857,"37bfe45b5e3855985210856d0565397d"
"03_timeseries/by_catchment/PE_212700.csv",1129061,"6dbe3d5ddc9e33c9b9a454da6e424611"
"03_timeseries/by_catchment/PE_212900.csv",1165431,"8c6f2a2e04dea2abd86743aa7b2c80bb"
"03_timeseries/by_catchment/PE_213403.csv",1168974,"e9969de252d410154ea8a73ffd16ca0d"
"03_timeseries/by_catchment/PE_213500.csv",1144718,"f5ef667dbb67b865c25d51172ac948e9"
"03_timeseries/by_catchment/PE_213504.csv",1137193,"51bc8c329a34e8d0cd949e1211f56688"
"03_timeseries/by_catchment/PE_213600.csv",1120917,"7f60925efbaa03aa496892e31fcf4ca5"
"03_timeseries/by_catchment/PE_215000.csv",1108520,"fb638bc99ce86eb388aad6c1d9df32e7"
"03_timeseries/by_catchment/PE_220105.csv",1212314,"55974540520bfba5950a05cf8089873c"
"03_timeseries/by_catchment/PE_220107.csv",1222211,"79c53d1137836767624beacf362f3a94"
"03_timeseries/by_catchment/PE_220201.csv",1154702,"1c328ecb37d83137408f82056ba1e2ab"
"03_timeseries/by_catchment/PE_220205.csv",1182663,"254fa9790ca0d17d65917faa17c405df"
"03_timeseries/by_catchment/PE_220206.csv",1150538,"55fa4abedb5bf591d19dc102d3375e31"
"03_timeseries/by_catchment/PE_220213.csv",1147066,"531cc0e199e49596088ceb3fa8a3a2bb"
"03_timeseries/by_catchment/PE_220405.csv",1176316,"030b4790bb74923a9ab3212b290cf6c6"
"03_timeseries/by_catchment/PE_220611.csv",1159120,"7e36fa0e1ebd254b7304425dab6ecd17"
"03_timeseries/by_catchment/PE_221106.csv",1161299,"be2e7c323942694279544d6f4c148435"
"03_timeseries/by_catchment/PE_221309.csv",1139971,"a7348930bb09b358e555f50079136817"
"03_timeseries/by_catchment/PE_221501.csv",1177410,"511d3ba1189a00ddffa33d10e1fd7fa1"
"03_timeseries/by_catchment/PE_221801.csv",1177523,"1cac95a742b079632c7f540b70b76977"
"03_timeseries/by_catchment/PE_221804.csv",1177485,"cf830fba0ca1064e678efbe9d7ac1541"
"03_timeseries/by_catchment/PE_221811.csv",1146134,"db345383b9a5b897dff7734f08066eb7"
"03_timeseries/by_catchment/PE_230002.csv",1146342,"aa26f7cef323ffca990be7f026e5e036"
"03_timeseries/by_catchment/PE_230601.csv",1200727,"9634d16eeed0a32114f9a139827d20ba"
"03_timeseries/by_catchment/PE_230712.csv",1143318,"c04f842af2de583432de16d35fe30a37"
"03_timeseries/by_catchment/PE_230715.csv",1204813,"59097189be5a1077d27e9167c04391f8"
"03_timeseries/by_catchment/PE_230801.csv",1123963,"6737307b7d407dec3cf2e01baf024fad"
"03_timeseries/by_catchment/PE_230803.csv",1122897,"5a174d92c64364814c45e65b8ac8802e"
"03_timeseries/by_catchment/PE_230906.csv",1160084,"b0352dba947dbf51dc22efa08ceea550"
"03_timeseries/by_catchment/PE_230931.csv",1157652,"bf0edf3e44bb3adfdc09e6a2586f8aee"
"03_timeseries/by_catchment/PE_231101.csv",1214247,"9b6f165dd3d355f3558e3a8a149a8dd6"
"03_timeseries/by_catchment/PE_231201.csv",1191175,"2ea6b05ef7de9ca4043413f23d5b95fa"
"03_timeseries/by_catchment/PE_240103.csv",1229450,"b8428136d55cea007342025f11d1237e"
"03_timeseries/by_catchment/PE_240108.csv",1155051,"ed061b81f72bc658e6021c4803e2dc83"
"03_timeseries/by_catchment/PE_2401081.csv",1226189,"e1330aeb0056a59f304c101c1558a206"
"03_timeseries/by_catchment/PE_240111.csv",1219613,"7313f53200aae4bc4783e39bc717c194"
"03_timeseries/by_catchment/PE_250101.csv",1207450,"a3902984e1ced8ac8ba9fd2af6c06fbc"
"03_timeseries/by_catchment/PE_250405.csv",1145669,"02dcab5944a0766059a2998bba502e90"
"03_timeseries/by_catchment/PE_250501.csv",1179082,"da861bff02d99c6a349b1c32efeb3195"
"03_timeseries/by_catchment/PE_250502.csv",1162583,"13435101c54bbdbd6a9385d88f921b36"
"03_timeseries/by_catchment/PE_251001.csv",1135932,"992f19634f398dbb449ab1c15d94a1cb"
"03_timeseries/by_catchment/PE_251105.csv",1180345,"74e677313a3436d53e281270fb0700f2"
"03_timeseries/by_catchment/PE_270300.csv",1124030,"dbb48151ffd7eac4e25c03713c6ca2f5"
"03_timeseries/by_catchment/PE_270503.csv",1132065,"fdd697440a7d81f42b46202330fb4d7f"
"03_timeseries/by_catchment/PE_30455012121.csv",1193117,"8f213c37c4df079989b656b19906e3f7"
"03_timeseries/by_catchment/PE_472191AC.csv",1166747,"9ee6d074e4f65d0406f1ef3c07cf902a"
"03_timeseries/by_catchment/PE_472210B6.csv",1145799,"84621fecbc6d4a5a98469078c5354745"
"03_timeseries/by_catchment/PE_4722F344.csv",1110174,"57fbf5bd09fb882538d6f3df11b32b4d"
"03_timeseries/by_catchment/PE_4723C424.csv",1167801,"b9e7654408c5f8ceccbe8553aecfee7c"
"03_timeseries/by_catchment/PE_4724966C.csv",1170362,"46370eeaf5211e1039b88560ea67a070"
"03_timeseries/by_catchment/PE_4724A3F6.csv",1212557,"8375db2405f704b3558e1933f6750d37"
"03_timeseries/by_catchment/PE_4724D566.csv",1176093,"8b9526ed88456304dcf57d436882de51"
"03_timeseries/by_catchment/PE_472501F4.csv",1155925,"92e7f68e75b69a89b7d3fbf2eaed1bca"
"03_timeseries/by_catchment/PE_47251282.csv",1161699,"6964c5336256a5689634b874b1e6bc84"
"03_timeseries/by_catchment/PE_47270400.csv",1194418,"dc002cb99c3f7d1ffdf3f906cec6bb9b"
"03_timeseries/by_catchment/PE_472935F2.csv",1144152,"c9740840860ecb98fc47c9c62f576cec"
"03_timeseries/by_catchment/PE_472A571A.csv",1185402,"9ce93708eacae4281c768a217e798ee9"
"03_timeseries/by_catchment/PE_472A6280.csv",1157387,"b1be14bd0853296121a5accbe06799b7"
"03_timeseries/by_catchment/PE_472A9204.csv",1134989,"4f27723dfcbc74db42677c44bb8953db"
"03_timeseries/by_catchment/PE_472AE494.csv",1135114,"86f98037492fb3a27d946cdd44193b96"
"03_timeseries/by_catchment/PE_472B2370.csv",1175206,"55f0d56ad7b2d946f6ae99b5a9bb672f"
"03_timeseries/by_catchment/PE_472B3006.csv",1163507,"4d22feb040a87d4563acbfd5a7a66760"
"03_timeseries/by_catchment/PE_472B607A.csv",1169947,"73acdaf49ffbf17d175e5bea01027cb8"
"03_timeseries/by_catchment/PE_472B8388.csv",1198818,"34fe4fe2d59c2be99f4bc1c654bd6ab6"
"03_timeseries/by_catchment/PE_472B90FE.csv",1117727,"71418c442ad086d19c3e6518fc5f76df"
"03_timeseries/by_catchment/PE_472C44A2.csv",1144583,"e35b1d71257832badb50713de1500f73"
"03_timeseries/by_catchment/PE_472D1624.csv",1161281,"9091385a5f704d53556508bc27f62e7b"
"03_timeseries/by_catchment/PE_472DA5AA.csv",1189619,"fe6a049ce2e1a577e2e19b0fcebe9908"
"03_timeseries/by_catchment/PE_472E24B0.csv",1121441,"6c534e94d696f697ce5a4d9d72353027"
"03_timeseries/by_catchment/PE_472E5220.csv",1147856,"b13095d6783d080a707e7cdf1d743094"
"03_timeseries/by_catchment/PE_472E74CC.csv",1142203,"73507425bee7381c405a5196009b98d4"
"03_timeseries/by_catchment/PE_472ED434.csv",1129737,"cdbb4b51ebd567d7c0cf3c81cc65d8f6"
"03_timeseries/by_catchment/PE_472EE1AE.csv",1113881,"dc8ac19b6f89361ee6c1f1a85875028b"
"03_timeseries/by_catchment/PE_47A00F5E.csv",1119143,"85ac497a1b242916fa1b0acdfe887859"
"03_timeseries/by_catchment/PE_47A03AC4.csv",1116390,"2f7dc00ddb506e44321c9cbad3429d30"
"03_timeseries/by_catchment/PE_47E01126.csv",1177562,"ad1a28a46c2c651d147cf88a59457839"
"03_timeseries/by_catchment/PE_47E024BC.csv",1175264,"db8c0f63f1fe2db8ed100aee8912c9a7"
"03_timeseries/by_catchment/PE_47E0415A.csv",1161532,"73a4dac368a1ea9f659bf7bdfb29b87b"
"03_timeseries/by_catchment/PE_47E0522C.csv",1163624,"d6e38195ece207573083ee0aec7ec50b"
"03_timeseries/by_catchment/PE_47E074C0.csv",1165554,"f304b555617bafac7ff3e3a0eb5448e4"
"03_timeseries/by_catchment/PE_47E08444.csv",1148004,"45a9de47fd82c36c13d10d0741f93fdc"
"03_timeseries/by_catchment/PE_47E09732.csv",1175347,"a53eee11159961248d47dec57dfbae0d"
"03_timeseries/by_catchment/PE_47E0A2A8.csv",1182420,"74d58cb38e47daf01cd18a3e9e787eba"
"03_timeseries/by_catchment/PE_47E0B1DE.csv",1180516,"dc2807a179248c1973217001169c7278"
"03_timeseries/by_catchment/PE_47E0C74E.csv",1174467,"979240a22a6f8e7ec9f8bdc5915b29ec"
"03_timeseries/by_catchment/PE_47E0D438.csv",1159085,"4d76e2155d485d22ca585736fab78446"
"03_timeseries/by_catchment/PE_47E13530.csv",1099411,"0ae1841bdb99d6bf180e83bd6ce8a61b"
"03_timeseries/by_catchment/PE_47E143A0.csv",1088588,"cec74e277bf1b39108b63a710e33b08c"
"03_timeseries/by_catchment/PE_47E150D6.csv",1093065,"7a78dcf6d6005a8aaa313eab379787cb"
"03_timeseries/by_catchment/PE_47E1654C.csv",1116277,"d9e7e30572fa1a81459d1b806d18fb4b"
"03_timeseries/by_catchment/PE_47E186BE.csv",1122188,"d48d17fbade5d50805b5b737c26b7754"
"03_timeseries/by_catchment/PE_47E195C8.csv",1091343,"6860d83f8656f53137f8aaf2ddf875d4"
"03_timeseries/by_catchment/PE_47E1A052.csv",1108321,"29ddc37fedba93c126eaf6307f9527a1"
"03_timeseries/by_catchment/PE_47E1C5B4.csv",1166950,"67a405ff97ac5595b8fe47daa41b92da"
"03_timeseries/by_catchment/PE_47E1D6C2.csv",1164809,"ee10f400b3e6fb865ffa9892dbe602fb"
"03_timeseries/by_catchment/PE_47E1E358.csv",1162715,"3b7abe8df9497135832f4289cb2c3fe2"
"03_timeseries/by_catchment/PE_47E1F02E.csv",1166067,"35ffe08b632dff02225df671c9ca4fee"
"03_timeseries/by_catchment/PE_47E207A4.csv",1152259,"e554168559f83734d0b1301a42efc619"
"03_timeseries/by_catchment/PE_47E214D2.csv",1159055,"81959d8740db6d2b08c5c195cb38eda8"
"03_timeseries/by_catchment/PE_47E22148.csv",1121541,"6fd4806783c745a6eac3b24b7c09ac99"
"03_timeseries/by_catchment/PE_47E257D8.csv",1121740,"75b1c623529aa530e49c169e65366246"
"03_timeseries/by_catchment/PE_47E2E456.csv",1212194,"46e14725f4f95eb5446a8d61e683c0cf"
"03_timeseries/by_catchment/PE_47E9177A.csv",1216077,"db57c532f5196610a62b9be30ca1b351"
"03_timeseries/by_catchment/PE_47E9F488.csv",1146935,"486d80b4f5d027a68221a2def764eb55"
"03_timeseries/by_catchment/PE_4994910001.csv",1169253,"73f9f64ff8b7a55edb4eacdd95b05ec2"
"03_timeseries/timeseries.csv",186266659,"42d7c4f6593a2f3b7a673d2fd6a06bb9"
"04_geospatial/by_catchment/PE_110139/PE_110139_catchment.gpkg",98304,"4e308e1eac2c3161b45fd7c1e2100147"
"04_geospatial/by_catchment/PE_110139/PE_110139_outlet.gpkg",98304,"06b0ced642565702896cb294070784a4"
"04_geospatial/by_catchment/PE_111151/PE_111151_catchment.gpkg",102400,"bb97fd70131d1893e9c73dd0bda3d590"
"04_geospatial/by_catchment/PE_111151/PE_111151_outlet.gpkg",98304,"7bba271b2b5bc4e0f5bed3aa26b58232"
"04_geospatial/by_catchment/PE_1113346/PE_1113346_catchment.gpkg",147456,"3f8d0ec5e613c29d2feb6dc041deb6f5"
"04_geospatial/by_catchment/PE_1113346/PE_1113346_outlet.gpkg",98304,"62543facd8923f204ddf211773d9c52a"
"04_geospatial/by_catchment/PE_1113355/PE_1113355_catchment.gpkg",163840,"3eff9948a80f4540fe21e825f8c54246"
"04_geospatial/by_catchment/PE_1113355/PE_1113355_outlet.gpkg",98304,"ff7ec87af574d38291ed3267eeb64ff1"
"04_geospatial/by_catchment/PE_113/PE_113_catchment.gpkg",102400,"8967e7434cb830d21d58980a372011a7"
"04_geospatial/by_catchment/PE_113/PE_113_outlet.gpkg",98304,"cfb67e3a027fdf12b7138bad1716de12"
"04_geospatial/by_catchment/PE_114118/PE_114118_catchment.gpkg",106496,"3a09c7e1c702d72a6896cd3d4504925f"
"04_geospatial/by_catchment/PE_114118/PE_114118_outlet.gpkg",98304,"d5a8f28b41e28080591d9487cf458631"
"04_geospatial/by_catchment/PE_117059/PE_117059_catchment.gpkg",98304,"6749e24290b6458be346e6263585e1fd"
"04_geospatial/by_catchment/PE_117059/PE_117059_outlet.gpkg",98304,"37bc7d903cd6eec95512a0c03b352706"
"04_geospatial/by_catchment/PE_117060/PE_117060_catchment.gpkg",102400,"be0a83f59f12e4d66da6f24b205a6def"
"04_geospatial/by_catchment/PE_117060/PE_117060_outlet.gpkg",98304,"d8ed90a5b2e10cb83b2b698e5751cbdf"
"04_geospatial/by_catchment/PE_200907/PE_200907_catchment.gpkg",106496,"393d172238ab4f8ed840dd94b94ac522"
"04_geospatial/by_catchment/PE_200907/PE_200907_outlet.gpkg",98304,"e35afdb6282c78d3774b6937759623d5"
"04_geospatial/by_catchment/PE_201201/PE_201201_catchment.gpkg",118784,"73478e8c3c1a9a4657f818f50f52051d"
"04_geospatial/by_catchment/PE_201201/PE_201201_outlet.gpkg",98304,"b9297aa3080003c5f498a56118b0c813"
"04_geospatial/by_catchment/PE_201204/PE_201204_catchment.gpkg",106496,"0fa39980951c539145d14ac9569c17a7"
"04_geospatial/by_catchment/PE_201204/PE_201204_outlet.gpkg",98304,"7ec6686041b5bbf707eab7d844cf08eb"
"04_geospatial/by_catchment/PE_202906/PE_202906_catchment.gpkg",106496,"ff6d55e8ea978807242b74d8fb7bc1c2"
"04_geospatial/by_catchment/PE_202906/PE_202906_outlet.gpkg",98304,"80216f46a77371713aea8047d7719e68"
"04_geospatial/by_catchment/PE_203501/PE_203501_catchment.gpkg",106496,"52a9de4c43f5021e3d30462b2a5ab062"
"04_geospatial/by_catchment/PE_203501/PE_203501_outlet.gpkg",98304,"123b09162cf0b5cd595fcb70d9821fef"
"04_geospatial/by_catchment/PE_204504/PE_204504_catchment.gpkg",126976,"5ed134e423da30714b2bafae5ed1893e"
"04_geospatial/by_catchment/PE_204504/PE_204504_outlet.gpkg",98304,"4aad98876f9ef09e6053130284b8fe60"
"04_geospatial/by_catchment/PE_204617/PE_204617_catchment.gpkg",131072,"af66c491bcc2e81480dfd1d49b4342b3"
"04_geospatial/by_catchment/PE_204617/PE_204617_outlet.gpkg",98304,"6495660e9fa2812460ba409d0acec85f"
"04_geospatial/by_catchment/PE_204707/PE_204707_catchment.gpkg",110592,"e09c6a15752f6e1a5465e6e9464bd0e6"
"04_geospatial/by_catchment/PE_204707/PE_204707_outlet.gpkg",98304,"567a2230042e4bffb76f47e7ed193c15"
"04_geospatial/by_catchment/PE_204804/PE_204804_catchment.gpkg",98304,"02de399a165cb09cced7b051d016eae1"
"04_geospatial/by_catchment/PE_204804/PE_204804_outlet.gpkg",98304,"aa4dfd8e8e7b8f828c8717aed5ce8822"
"04_geospatial/by_catchment/PE_204905/PE_204905_catchment.gpkg",126976,"40f4c96d8e75549970fb81f3d298d099"
"04_geospatial/by_catchment/PE_204905/PE_204905_outlet.gpkg",98304,"3849966ef509db785a3d31e8ab807242"
"04_geospatial/by_catchment/PE_210003/PE_210003_catchment.gpkg",106496,"8032c7b7b490d537ec668fa027634ac3"
"04_geospatial/by_catchment/PE_210003/PE_210003_outlet.gpkg",98304,"4cffd2832b405cf22174e64ca5a7d3d7"
"04_geospatial/by_catchment/PE_210006/PE_210006_catchment.gpkg",114688,"a7d7c59757e1a800e05548ee216bf499"
"04_geospatial/by_catchment/PE_210006/PE_210006_outlet.gpkg",98304,"26aa6c3f281eb3bce6c9bf943b1e40ff"
"04_geospatial/by_catchment/PE_210102/PE_210102_catchment.gpkg",118784,"a0c80f57bfc2dc8a5b51bafaf27423f0"
"04_geospatial/by_catchment/PE_210102/PE_210102_outlet.gpkg",98304,"5fc6dd10de37f31ce227e31c096d5a3b"
"04_geospatial/by_catchment/PE_210201/PE_210201_catchment.gpkg",110592,"9c1d65e658ba3e0891346927c1899986"
"04_geospatial/by_catchment/PE_210201/PE_210201_outlet.gpkg",98304,"28bc5e8ab2ab32bba7a96becbbbe2d05"
"04_geospatial/by_catchment/PE_210301/PE_210301_catchment.gpkg",114688,"817d780304ed443af54b90b01b2f3298"
"04_geospatial/by_catchment/PE_210301/PE_210301_outlet.gpkg",98304,"557c49a3700885973fb4d792681e64be"
"04_geospatial/by_catchment/PE_210405/PE_210405_catchment.gpkg",106496,"dec62478d61aef7330c80add1e30c579"
"04_geospatial/by_catchment/PE_210405/PE_210405_outlet.gpkg",98304,"8936212081c402e0883688bbee7e234b"
"04_geospatial/by_catchment/PE_210406/PE_210406_catchment.gpkg",110592,"eda8e20157f6afb95a3302f7c6a4b99e"
"04_geospatial/by_catchment/PE_210406/PE_210406_outlet.gpkg",98304,"2070f706ab609a1ba8a9289d3f559417"
"04_geospatial/by_catchment/PE_210407/PE_210407_catchment.gpkg",110592,"661e4d78653e3820470ed6ac90f3648f"
"04_geospatial/by_catchment/PE_210407/PE_210407_outlet.gpkg",98304,"f4f5fca312a5c4457dcce38e4000e010"
"04_geospatial/by_catchment/PE_211001/PE_211001_catchment.gpkg",106496,"88ca82ac0f99b3b08c236e12b6e0df7d"
"04_geospatial/by_catchment/PE_211001/PE_211001_outlet.gpkg",98304,"c2e439720f160d008ad671605502db7e"
"04_geospatial/by_catchment/PE_211404/PE_211404_catchment.gpkg",102400,"a181a78072ede818fc8ceaeb6767520f"
"04_geospatial/by_catchment/PE_211404/PE_211404_outlet.gpkg",98304,"7e2f45e1196546351125ddd9d6057ee5"
"04_geospatial/by_catchment/PE_211408/PE_211408_catchment.gpkg",122880,"e3ca356140419e021e69c91791fd0149"
"04_geospatial/by_catchment/PE_211408/PE_211408_outlet.gpkg",98304,"48359e09186b65e1bca71ec8c5d14d14"
"04_geospatial/by_catchment/PE_212500/PE_212500_catchment.gpkg",106496,"42f0954e9d55b9f83b761a3a233b6a82"
"04_geospatial/by_catchment/PE_212500/PE_212500_outlet.gpkg",98304,"522a8363a2bb856361cd76657710a7ff"
"04_geospatial/by_catchment/PE_212600/PE_212600_catchment.gpkg",122880,"638f675b4ba6b3909c158ccd5d4d1a66"
"04_geospatial/by_catchment/PE_212600/PE_212600_outlet.gpkg",98304,"0adea3a0ff7ada9adee1e6d3ea761ee2"
"04_geospatial/by_catchment/PE_212604/PE_212604_catchment.gpkg",98304,"4c3bdabdb2f9d3822cb66f9faa4235a8"
"04_geospatial/by_catchment/PE_212604/PE_212604_outlet.gpkg",98304,"7af36611a7efacb78bdff2c4267c8084"
"04_geospatial/by_catchment/PE_212700/PE_212700_catchment.gpkg",102400,"b621d2e304cfc550d76d822f289f6cdd"
"04_geospatial/by_catchment/PE_212700/PE_212700_outlet.gpkg",98304,"47bfeb6382db043285b4100fcfe32131"
"04_geospatial/by_catchment/PE_212900/PE_212900_catchment.gpkg",106496,"0bb3a24bf0a04ec307f0753701c772c4"
"04_geospatial/by_catchment/PE_212900/PE_212900_outlet.gpkg",98304,"13307b3f34520cf2c2a69d3ab6d11e4e"
"04_geospatial/by_catchment/PE_213403/PE_213403_catchment.gpkg",110592,"e8e04e880a3a43c8c23c572e78131c47"
"04_geospatial/by_catchment/PE_213403/PE_213403_outlet.gpkg",98304,"bc32356f169fab31071314ff01e60afc"
"04_geospatial/by_catchment/PE_213500/PE_213500_catchment.gpkg",106496,"1f82703c95b4044a6b88b1dd325f1f77"
"04_geospatial/by_catchment/PE_213500/PE_213500_outlet.gpkg",98304,"eb628a3114816f10fec70946737d3843"
"04_geospatial/by_catchment/PE_213504/PE_213504_catchment.gpkg",106496,"cfb3593f5b89114cf6854bf5bcd2b979"
"04_geospatial/by_catchment/PE_213504/PE_213504_outlet.gpkg",98304,"f637bde3b9c7106331d32853b056249f"
"04_geospatial/by_catchment/PE_213600/PE_213600_catchment.gpkg",98304,"e71d1936d8fa8e99153c4685c8197803"
"04_geospatial/by_catchment/PE_213600/PE_213600_outlet.gpkg",98304,"bae13d996ff5a9d5055ec376b531b269"
"04_geospatial/by_catchment/PE_215000/PE_215000_catchment.gpkg",98304,"5fa9183575166b8f43b071973eff0d9b"
"04_geospatial/by_catchment/PE_215000/PE_215000_outlet.gpkg",98304,"e409f01b1b5c9e59d7fe6d181f372b74"
"04_geospatial/by_catchment/PE_220105/PE_220105_catchment.gpkg",249856,"167498ecefd6ac05c74bac13cddbc8a0"
"04_geospatial/by_catchment/PE_220105/PE_220105_outlet.gpkg",98304,"511fff9f41c0861b82bd6672f9596d23"
"04_geospatial/by_catchment/PE_220107/PE_220107_catchment.gpkg",204800,"0cf9a8b167cf7726e96bb1452f48a02b"
"04_geospatial/by_catchment/PE_220107/PE_220107_outlet.gpkg",98304,"e74dd67f439d5fef9e66fc12cc407735"
"04_geospatial/by_catchment/PE_220201/PE_220201_catchment.gpkg",110592,"a1b429a6ae31991e72e3e04d9c6047f9"
"04_geospatial/by_catchment/PE_220201/PE_220201_outlet.gpkg",98304,"962af4e13dafb32a7d461fc995f6c786"
"04_geospatial/by_catchment/PE_220205/PE_220205_catchment.gpkg",102400,"0bd802c9fd312abedcbae18b427f23d7"
"04_geospatial/by_catchment/PE_220205/PE_220205_outlet.gpkg",98304,"af4b92b81960f07f6848a76e9db7506b"
"04_geospatial/by_catchment/PE_220206/PE_220206_catchment.gpkg",98304,"e5f720aba9d61ca4e5d79b9b4e38c70c"
"04_geospatial/by_catchment/PE_220206/PE_220206_outlet.gpkg",98304,"ca89b22097df88e31d86680d5db44865"
"04_geospatial/by_catchment/PE_220213/PE_220213_catchment.gpkg",98304,"ff3c385ce7aefdfd1509f8f13a6b28c0"
"04_geospatial/by_catchment/PE_220213/PE_220213_outlet.gpkg",98304,"9b6c89666c8ab87cef2d1c6b7b7f1f83"
"04_geospatial/by_catchment/PE_220405/PE_220405_catchment.gpkg",102400,"fcd68931050079459dc2f28f4d05530c"
"04_geospatial/by_catchment/PE_220405/PE_220405_outlet.gpkg",98304,"e7a712a5a70cace8756c09709bfdcb87"
"04_geospatial/by_catchment/PE_220611/PE_220611_catchment.gpkg",98304,"89f44324d60642d123df3e76975a07ad"
"04_geospatial/by_catchment/PE_220611/PE_220611_outlet.gpkg",98304,"4bde85e0e4bf26aae6e64cef0a844805"
"04_geospatial/by_catchment/PE_221106/PE_221106_catchment.gpkg",102400,"fec6e553fa3d596c91c9ffaaed3e4769"
"04_geospatial/by_catchment/PE_221106/PE_221106_outlet.gpkg",98304,"c95e8879174ea3546e1ae6cc07957539"
"04_geospatial/by_catchment/PE_221309/PE_221309_catchment.gpkg",102400,"2fa318ae45822c506bf3f2a5fce6ae61"
"04_geospatial/by_catchment/PE_221309/PE_221309_outlet.gpkg",98304,"3cce0e7f9bc6f5e0ca909c041da246c6"
"04_geospatial/by_catchment/PE_221501/PE_221501_catchment.gpkg",114688,"55bd893dca47140916f1905511ba9d03"
"04_geospatial/by_catchment/PE_221501/PE_221501_outlet.gpkg",98304,"b8bcceec683066aa35d14f70619dad4b"
"04_geospatial/by_catchment/PE_221801/PE_221801_catchment.gpkg",98304,"bb66f2c25f51762ff5e98ff3a8c3009e"
"04_geospatial/by_catchment/PE_221801/PE_221801_outlet.gpkg",98304,"11277230f20a539739353f1b117d5aaa"
"04_geospatial/by_catchment/PE_221804/PE_221804_catchment.gpkg",114688,"754a6bbec2e6c1dcb028b2acb046fcbc"
"04_geospatial/by_catchment/PE_221804/PE_221804_outlet.gpkg",98304,"566c47a2b56f3c5eafd8ec5fa379068c"
"04_geospatial/by_catchment/PE_221811/PE_221811_catchment.gpkg",102400,"f0441cae63e5df1d513d4efb28b64bcc"
"04_geospatial/by_catchment/PE_221811/PE_221811_outlet.gpkg",98304,"cb16b07a026a8fdf8f01d844f23313bd"
"04_geospatial/by_catchment/PE_230002/PE_230002_catchment.gpkg",114688,"7d7f6902fd765fb1c3fdf958ca051c98"
"04_geospatial/by_catchment/PE_230002/PE_230002_outlet.gpkg",98304,"486a11d2abfb04affa1d4ef4c96ed5ad"
"04_geospatial/by_catchment/PE_230601/PE_230601_catchment.gpkg",167936,"61f33749542268ba2e9988d6a3a76484"
"04_geospatial/by_catchment/PE_230601/PE_230601_outlet.gpkg",98304,"267c17e1b535c32978ab1ac3288584ab"
"04_geospatial/by_catchment/PE_230712/PE_230712_catchment.gpkg",102400,"cba7d40e0e2df75c2f976240a8e549c2"
"04_geospatial/by_catchment/PE_230712/PE_230712_outlet.gpkg",98304,"9de35791825842d56381c96a8d9da7a3"
"04_geospatial/by_catchment/PE_230715/PE_230715_catchment.gpkg",159744,"1418fe01f139b2479f4cc2a080fa10e8"
"04_geospatial/by_catchment/PE_230715/PE_230715_outlet.gpkg",98304,"766740d665f78ccee71ecec9ec7067f0"
"04_geospatial/by_catchment/PE_230801/PE_230801_catchment.gpkg",98304,"b4a3e52fbda47a932a6c41c1c4a353a8"
"04_geospatial/by_catchment/PE_230801/PE_230801_outlet.gpkg",98304,"833a58075ca12acf6c52d8e17daaff15"
"04_geospatial/by_catchment/PE_230803/PE_230803_catchment.gpkg",98304,"8eb49f3d68d3512a10cc87b2a4d3d380"
"04_geospatial/by_catchment/PE_230803/PE_230803_outlet.gpkg",98304,"560348d492ec631f4e51f7c9f8592fc2"
"04_geospatial/by_catchment/PE_230906/PE_230906_catchment.gpkg",118784,"a24333d9307ee5b39bc693fabda8486c"
"04_geospatial/by_catchment/PE_230906/PE_230906_outlet.gpkg",98304,"6a14ca3301ddf03a9b13cabef58c8b01"
"04_geospatial/by_catchment/PE_230931/PE_230931_catchment.gpkg",122880,"edd7022cc47da13fd572aaf21ed8c289"
"04_geospatial/by_catchment/PE_230931/PE_230931_outlet.gpkg",98304,"b97dace7a926f57ddf226c66e3850504"
"04_geospatial/by_catchment/PE_231101/PE_231101_catchment.gpkg",131072,"c81d27d9622e020ffb15526319fa1bbc"
"04_geospatial/by_catchment/PE_231101/PE_231101_outlet.gpkg",98304,"7fce8bfe78bd89162ba2551529c5ecc4"
"04_geospatial/by_catchment/PE_231201/PE_231201_catchment.gpkg",102400,"4112288d50bb7cfe96d41332bb281591"
"04_geospatial/by_catchment/PE_231201/PE_231201_outlet.gpkg",98304,"e63116b4971f80f2c0191da3f70d6945"
"04_geospatial/by_catchment/PE_240103/PE_240103_catchment.gpkg",339968,"5f2bba54202e9d216a736923755e4112"
"04_geospatial/by_catchment/PE_240103/PE_240103_outlet.gpkg",98304,"be61245565f2e2ceb53f348df0f963fc"
"04_geospatial/by_catchment/PE_240108/PE_240108_catchment.gpkg",126976,"dbbc52a2228583b4274fd1ec897b7446"
"04_geospatial/by_catchment/PE_240108/PE_240108_outlet.gpkg",98304,"63ba80531bdf92e5d2969839307a34f3"
"04_geospatial/by_catchment/PE_2401081/PE_2401081_catchment.gpkg",380928,"5937cddfd1b8508155d759fcf7c32534"
"04_geospatial/by_catchment/PE_2401081/PE_2401081_outlet.gpkg",98304,"2da77858c87d60ddb78e485a65bec971"
"04_geospatial/by_catchment/PE_240111/PE_240111_catchment.gpkg",184320,"a6956e8a94da1db459fd6ce6383b74ab"
"04_geospatial/by_catchment/PE_240111/PE_240111_outlet.gpkg",98304,"78e4cf5f5d861fdf6cad3d8f578cc0fe"
"04_geospatial/by_catchment/PE_250101/PE_250101_catchment.gpkg",270336,"7878f3c4125de1439c7eacd941eb1931"
"04_geospatial/by_catchment/PE_250101/PE_250101_outlet.gpkg",98304,"807846c9edbca68715db4bd48b7d74a4"
"04_geospatial/by_catchment/PE_250405/PE_250405_catchment.gpkg",106496,"ba235663bfbbeea671199a905f0174f0"
"04_geospatial/by_catchment/PE_250405/PE_250405_outlet.gpkg",98304,"c69ee1eb9effb1c8e5117971c84a5aaa"
"04_geospatial/by_catchment/PE_250501/PE_250501_catchment.gpkg",106496,"783840dcc294484e60c38b7baf2ec7fb"
"04_geospatial/by_catchment/PE_250501/PE_250501_outlet.gpkg",98304,"ba85778e82ed97dfdf07b7aeaeeb0217"
"04_geospatial/by_catchment/PE_250502/PE_250502_catchment.gpkg",118784,"6fcc13de88f322daa3fb2e7b646ea9bf"
"04_geospatial/by_catchment/PE_250502/PE_250502_outlet.gpkg",98304,"799f216a8c4e925088aa29223de167e1"
"04_geospatial/by_catchment/PE_251001/PE_251001_catchment.gpkg",131072,"75079ca0f2e66fa24ac7ab6aec5649e8"
"04_geospatial/by_catchment/PE_251001/PE_251001_outlet.gpkg",98304,"2430ff5851cf3b27861c846b1f14686a"
"04_geospatial/by_catchment/PE_251105/PE_251105_catchment.gpkg",208896,"0d829b6cf72edbe49ef1d0619883ccf4"
"04_geospatial/by_catchment/PE_251105/PE_251105_outlet.gpkg",98304,"4e63bdec316dfbf4e55a937cad6f868c"
"04_geospatial/by_catchment/PE_270300/PE_270300_catchment.gpkg",102400,"4e18412e7bf1367c721fe5d22cc00073"
"04_geospatial/by_catchment/PE_270300/PE_270300_outlet.gpkg",98304,"9cb167c72aaeae5d978e4e9295be7f4f"
"04_geospatial/by_catchment/PE_270503/PE_270503_catchment.gpkg",98304,"77fc226d2658d94caeb8de79c43a9883"
"04_geospatial/by_catchment/PE_270503/PE_270503_outlet.gpkg",98304,"9489a8ca349e32f53ad70205e0262e2d"
"04_geospatial/by_catchment/PE_30455012121/PE_30455012121_catchment.gpkg",163840,"397d663a1a920419be2c85d311795014"
"04_geospatial/by_catchment/PE_30455012121/PE_30455012121_outlet.gpkg",98304,"64748fc25cc3ff76bd1c71f44b4b01d2"
"04_geospatial/by_catchment/PE_472191AC/PE_472191AC_catchment.gpkg",114688,"5e7693799571a0c59caa3a9b59a7d424"
"04_geospatial/by_catchment/PE_472191AC/PE_472191AC_outlet.gpkg",98304,"2dddbce6a25135066a09067f9ca4b4ac"
"04_geospatial/by_catchment/PE_472210B6/PE_472210B6_catchment.gpkg",98304,"f867476f98a7f2c640defc41466408c5"
"04_geospatial/by_catchment/PE_472210B6/PE_472210B6_outlet.gpkg",98304,"eff407268eba57fc716ceb650ce345b4"
"04_geospatial/by_catchment/PE_4722F344/PE_4722F344_catchment.gpkg",106496,"31a43ef2f8aa15e30187a03b7c4b45d0"
"04_geospatial/by_catchment/PE_4722F344/PE_4722F344_outlet.gpkg",98304,"f633d54dacec04d509fb61e8df1e9660"
"04_geospatial/by_catchment/PE_4723C424/PE_4723C424_catchment.gpkg",102400,"9a9c04cd1c3572b5e331b016ecc464e7"
"04_geospatial/by_catchment/PE_4723C424/PE_4723C424_outlet.gpkg",98304,"c295275d3c8b0af3732e6e82fc708fdb"
"04_geospatial/by_catchment/PE_4724966C/PE_4724966C_catchment.gpkg",106496,"e27328e7d40e164445032dba5af6d2bc"
"04_geospatial/by_catchment/PE_4724966C/PE_4724966C_outlet.gpkg",98304,"8dcb0668fca51137b76e6f0fe5325704"
"04_geospatial/by_catchment/PE_4724A3F6/PE_4724A3F6_catchment.gpkg",114688,"8439c0308d4b305d7ca39601dc5659cb"
"04_geospatial/by_catchment/PE_4724A3F6/PE_4724A3F6_outlet.gpkg",98304,"01721b90f5383fb304a718e861d1eff5"
"04_geospatial/by_catchment/PE_4724D566/PE_4724D566_catchment.gpkg",102400,"5551943a590b0571b43c060d215c0c05"
"04_geospatial/by_catchment/PE_4724D566/PE_4724D566_outlet.gpkg",98304,"042eb52b7be8d7be9b86831b703ec3e5"
"04_geospatial/by_catchment/PE_472501F4/PE_472501F4_catchment.gpkg",147456,"4f3d873042db08f3e6c929585f375ccf"
"04_geospatial/by_catchment/PE_472501F4/PE_472501F4_outlet.gpkg",98304,"06ba784ed27e846a3df79acba6bfe967"
"04_geospatial/by_catchment/PE_47251282/PE_47251282_catchment.gpkg",131072,"882a4ade155d4b40ae15d18532df3305"
"04_geospatial/by_catchment/PE_47251282/PE_47251282_outlet.gpkg",98304,"9c09369305b7dbd1a44d04f2683cb7f4"
"04_geospatial/by_catchment/PE_47270400/PE_47270400_catchment.gpkg",122880,"29e6786b73e03d606c02cd0fa6fa4b16"
"04_geospatial/by_catchment/PE_47270400/PE_47270400_outlet.gpkg",98304,"2e897a0848e5af3bacd6c6331f82a42b"
"04_geospatial/by_catchment/PE_472935F2/PE_472935F2_catchment.gpkg",122880,"b4599771c21c1e0b4edec0566ef52a80"
"04_geospatial/by_catchment/PE_472935F2/PE_472935F2_outlet.gpkg",98304,"1f10fe034a1e37a310d054f9868d5298"
"04_geospatial/by_catchment/PE_472A571A/PE_472A571A_catchment.gpkg",114688,"a60e504c35011e01b0ffd798548c5502"
"04_geospatial/by_catchment/PE_472A571A/PE_472A571A_outlet.gpkg",98304,"6e5908f6dee23a84635a26b91aa16a37"
"04_geospatial/by_catchment/PE_472A6280/PE_472A6280_catchment.gpkg",118784,"3f8119cc57e98994c718d04e93e4c4d7"
"04_geospatial/by_catchment/PE_472A6280/PE_472A6280_outlet.gpkg",98304,"3fef31197985ac4e43201b8ce2014d0c"
"04_geospatial/by_catchment/PE_472A9204/PE_472A9204_catchment.gpkg",122880,"f248461a596ebb79bd7baa509509873f"
"04_geospatial/by_catchment/PE_472A9204/PE_472A9204_outlet.gpkg",98304,"b5b353e9eef91faaea9211e0315cf2ff"
"04_geospatial/by_catchment/PE_472AE494/PE_472AE494_catchment.gpkg",114688,"2572b0a4b8f0512b5c9d974fb05cc46b"
"04_geospatial/by_catchment/PE_472AE494/PE_472AE494_outlet.gpkg",98304,"36a2a15fee1c54a7ca1c697f473ed2aa"
"04_geospatial/by_catchment/PE_472B2370/PE_472B2370_catchment.gpkg",110592,"8a15e7ab5ddb0432c926d0a87de76382"
"04_geospatial/by_catchment/PE_472B2370/PE_472B2370_outlet.gpkg",98304,"014f407ac5e3b3fed35a3e7f7770ed89"
"04_geospatial/by_catchment/PE_472B3006/PE_472B3006_catchment.gpkg",155648,"8170a10c83431a0082c607cb2706eb62"
"04_geospatial/by_catchment/PE_472B3006/PE_472B3006_outlet.gpkg",98304,"cde0173a60ca5e4922a4948fbb6ae2c6"
"04_geospatial/by_catchment/PE_472B607A/PE_472B607A_catchment.gpkg",167936,"0addea2851701019dd99b691b3a58a39"
"04_geospatial/by_catchment/PE_472B607A/PE_472B607A_outlet.gpkg",98304,"b398fdd5bad5d7a256eb18cce1f01b95"
"04_geospatial/by_catchment/PE_472B8388/PE_472B8388_catchment.gpkg",225280,"077c1c00e216bf0a8679a5f565bd84bf"
"04_geospatial/by_catchment/PE_472B8388/PE_472B8388_outlet.gpkg",98304,"1a60f311fb3dd161acda08380ee7213e"
"04_geospatial/by_catchment/PE_472B90FE/PE_472B90FE_catchment.gpkg",98304,"1586405b698e29e79c541e5c809d63da"
"04_geospatial/by_catchment/PE_472B90FE/PE_472B90FE_outlet.gpkg",98304,"00497aa15408433ca240d70ecf0650f0"
"04_geospatial/by_catchment/PE_472C44A2/PE_472C44A2_catchment.gpkg",135168,"5463f9af545bc7cefe7a6038497fbafe"
"04_geospatial/by_catchment/PE_472C44A2/PE_472C44A2_outlet.gpkg",98304,"69381bd1a19984e22abe6a82fea8781f"
"04_geospatial/by_catchment/PE_472D1624/PE_472D1624_catchment.gpkg",118784,"667b1f8c5c369dc14abdd093420f5dbd"
"04_geospatial/by_catchment/PE_472D1624/PE_472D1624_outlet.gpkg",98304,"7c0b850b06f8271b6f47e47a41c8b46c"
"04_geospatial/by_catchment/PE_472DA5AA/PE_472DA5AA_catchment.gpkg",106496,"087ca58755fbc367c7f0d1aa562cec91"
"04_geospatial/by_catchment/PE_472DA5AA/PE_472DA5AA_outlet.gpkg",98304,"c3d803b43859ee1edc6956294f1f8b17"
"04_geospatial/by_catchment/PE_472E24B0/PE_472E24B0_catchment.gpkg",102400,"2a36b4afda9fbcb05f2fa4d4dd318cce"
"04_geospatial/by_catchment/PE_472E24B0/PE_472E24B0_outlet.gpkg",98304,"f636c1f70b88baabce789631712a0ef6"
"04_geospatial/by_catchment/PE_472E5220/PE_472E5220_catchment.gpkg",98304,"a7cea3a87b132017a66f9d1782624405"
"04_geospatial/by_catchment/PE_472E5220/PE_472E5220_outlet.gpkg",98304,"8447e06f635b122f39873701242810ee"
"04_geospatial/by_catchment/PE_472E74CC/PE_472E74CC_catchment.gpkg",98304,"cf218aa2b41adbda6fe2de4d30e09df9"
"04_geospatial/by_catchment/PE_472E74CC/PE_472E74CC_outlet.gpkg",98304,"a73488ef5d7c248e795a3bdd7b83af38"
"04_geospatial/by_catchment/PE_472ED434/PE_472ED434_catchment.gpkg",102400,"f1bff2fd10ec534b627dd7989eeabc03"
"04_geospatial/by_catchment/PE_472ED434/PE_472ED434_outlet.gpkg",98304,"bf8c01337e9223571ab0efde5b7c0486"
"04_geospatial/by_catchment/PE_472EE1AE/PE_472EE1AE_catchment.gpkg",106496,"5d36b2f81834555c8aa292850c4b8e28"
"04_geospatial/by_catchment/PE_472EE1AE/PE_472EE1AE_outlet.gpkg",98304,"3b1a73659f74ab813104c0f19d775ad3"
"04_geospatial/by_catchment/PE_47A00F5E/PE_47A00F5E_catchment.gpkg",102400,"0b33a6f925319080ef66f4e5590ba2f5"
"04_geospatial/by_catchment/PE_47A00F5E/PE_47A00F5E_outlet.gpkg",98304,"f5993830594eafbbf31ea4a039f845c0"
"04_geospatial/by_catchment/PE_47A03AC4/PE_47A03AC4_catchment.gpkg",102400,"7637806b509083e4738a2d7122667ffe"
"04_geospatial/by_catchment/PE_47A03AC4/PE_47A03AC4_outlet.gpkg",98304,"6bc4501599057c18a39c093b70dda469"
"04_geospatial/by_catchment/PE_47E01126/PE_47E01126_catchment.gpkg",114688,"a537d2531487fdababf60caee78ad47d"
"04_geospatial/by_catchment/PE_47E01126/PE_47E01126_outlet.gpkg",98304,"15bcde0f129961fdf92bb9e18bb06a97"
"04_geospatial/by_catchment/PE_47E024BC/PE_47E024BC_catchment.gpkg",114688,"270567dbb3e4c0122f54341cea71b293"
"04_geospatial/by_catchment/PE_47E024BC/PE_47E024BC_outlet.gpkg",98304,"c79dd40d7ad89261f2f698f21bcb6145"
"04_geospatial/by_catchment/PE_47E0415A/PE_47E0415A_catchment.gpkg",110592,"7a07f93263bff98dbc04da802e53e16f"
"04_geospatial/by_catchment/PE_47E0415A/PE_47E0415A_outlet.gpkg",98304,"85c36101f8f13e3454294a1904826ac5"
"04_geospatial/by_catchment/PE_47E0522C/PE_47E0522C_catchment.gpkg",114688,"81014ba01dd83c267e24fba72ec1a1ad"
"04_geospatial/by_catchment/PE_47E0522C/PE_47E0522C_outlet.gpkg",98304,"bdbec22f89cd671428f5887bcc0ab1a2"
"04_geospatial/by_catchment/PE_47E074C0/PE_47E074C0_catchment.gpkg",98304,"ae7589b4d533cad12d1271ec85a6071d"
"04_geospatial/by_catchment/PE_47E074C0/PE_47E074C0_outlet.gpkg",98304,"45d651d4a4767da67d174a198b920d0c"
"04_geospatial/by_catchment/PE_47E08444/PE_47E08444_catchment.gpkg",98304,"956e7afbaa0cf860149eceb94205c004"
"04_geospatial/by_catchment/PE_47E08444/PE_47E08444_outlet.gpkg",98304,"211cf55d2773fcea0ddc2a5d70469cc1"
"04_geospatial/by_catchment/PE_47E09732/PE_47E09732_catchment.gpkg",118784,"438b280177ef356944f689f12bedbb7d"
"04_geospatial/by_catchment/PE_47E09732/PE_47E09732_outlet.gpkg",98304,"79c91b72acd1a38e8fd6a69bb6c964b6"
"04_geospatial/by_catchment/PE_47E0A2A8/PE_47E0A2A8_catchment.gpkg",106496,"89dee65c71a2bc23fa234051d05a5928"
"04_geospatial/by_catchment/PE_47E0A2A8/PE_47E0A2A8_outlet.gpkg",98304,"bbb4342a943fd18ce8591036d19523bc"
"04_geospatial/by_catchment/PE_47E0B1DE/PE_47E0B1DE_catchment.gpkg",126976,"06dc5944333da2d896b25a4668cfd9f7"
"04_geospatial/by_catchment/PE_47E0B1DE/PE_47E0B1DE_outlet.gpkg",98304,"5b8ec9eeff49828edabebe74b14ec962"
"04_geospatial/by_catchment/PE_47E0C74E/PE_47E0C74E_catchment.gpkg",106496,"c465d299ce44be8aa5991ea28ce4b85b"
"04_geospatial/by_catchment/PE_47E0C74E/PE_47E0C74E_outlet.gpkg",98304,"919a7b0d36440d6f59290adca72fc8f5"
"04_geospatial/by_catchment/PE_47E0D438/PE_47E0D438_catchment.gpkg",106496,"f6e62f660217c54c64fc2f4e6af0b9e0"
"04_geospatial/by_catchment/PE_47E0D438/PE_47E0D438_outlet.gpkg",98304,"aaed55a75f8fea531577e63af20a15a7"
"04_geospatial/by_catchment/PE_47E13530/PE_47E13530_catchment.gpkg",102400,"0d38c86a28c75c1f2cee9b1f62130850"
"04_geospatial/by_catchment/PE_47E13530/PE_47E13530_outlet.gpkg",98304,"2e8b7b801e878143df33f2e6d735f792"
"04_geospatial/by_catchment/PE_47E143A0/PE_47E143A0_catchment.gpkg",98304,"53e5806dd6ae8130c1c453ca53d180e3"
"04_geospatial/by_catchment/PE_47E143A0/PE_47E143A0_outlet.gpkg",98304,"d107610233716914389b8637dab38a9d"
"04_geospatial/by_catchment/PE_47E150D6/PE_47E150D6_catchment.gpkg",102400,"b3fabc7194a3e3d27f483ebf2cf2691b"
"04_geospatial/by_catchment/PE_47E150D6/PE_47E150D6_outlet.gpkg",98304,"838c64bae2e16b8437b03736ae20a983"
"04_geospatial/by_catchment/PE_47E1654C/PE_47E1654C_catchment.gpkg",102400,"773777b52a8f4bb1c248891fa3a04592"
"04_geospatial/by_catchment/PE_47E1654C/PE_47E1654C_outlet.gpkg",98304,"401abe25f1677f54f882768ed8f823c1"
"04_geospatial/by_catchment/PE_47E186BE/PE_47E186BE_catchment.gpkg",188416,"250d7f29e1646ac6e9ddc9bce528f607"
"04_geospatial/by_catchment/PE_47E186BE/PE_47E186BE_outlet.gpkg",98304,"46eaa4fe0c8447b46dbcda617bd50e0a"
"04_geospatial/by_catchment/PE_47E195C8/PE_47E195C8_catchment.gpkg",98304,"879556fb95412ce6d792698627fc9713"
"04_geospatial/by_catchment/PE_47E195C8/PE_47E195C8_outlet.gpkg",98304,"4a758f3e1b3250bd5851e53d40c0d7e6"
"04_geospatial/by_catchment/PE_47E1A052/PE_47E1A052_catchment.gpkg",106496,"12fa550ea1b3bc0e93a84ba8f8cbbedc"
"04_geospatial/by_catchment/PE_47E1A052/PE_47E1A052_outlet.gpkg",98304,"9078707ad4257f7feef6cd6fab930b22"
"04_geospatial/by_catchment/PE_47E1C5B4/PE_47E1C5B4_catchment.gpkg",98304,"c960f9e9d6d8b0c2d39548758537d833"
"04_geospatial/by_catchment/PE_47E1C5B4/PE_47E1C5B4_outlet.gpkg",98304,"119926bff163f0e21f1964367b03b503"
"04_geospatial/by_catchment/PE_47E1D6C2/PE_47E1D6C2_catchment.gpkg",106496,"d6babdcc3fd348c6929fca575f418298"
"04_geospatial/by_catchment/PE_47E1D6C2/PE_47E1D6C2_outlet.gpkg",98304,"753abc14655b87ecb8d1d430b3be593a"
"04_geospatial/by_catchment/PE_47E1E358/PE_47E1E358_catchment.gpkg",102400,"cc0d286cbb07cae0558b896eb691bb19"
"04_geospatial/by_catchment/PE_47E1E358/PE_47E1E358_outlet.gpkg",98304,"87eb137d3abfe207e852d84b9ee1af47"
"04_geospatial/by_catchment/PE_47E1F02E/PE_47E1F02E_catchment.gpkg",98304,"be2334d39dd36bbc9f27633f38578339"
"04_geospatial/by_catchment/PE_47E1F02E/PE_47E1F02E_outlet.gpkg",98304,"ba80ba3efcf24a6bb10f5fa8af06f114"
"04_geospatial/by_catchment/PE_47E207A4/PE_47E207A4_catchment.gpkg",98304,"c3b63c851b82728c00deca281d34299b"
"04_geospatial/by_catchment/PE_47E207A4/PE_47E207A4_outlet.gpkg",98304,"fc331ba4d95b0d33be7e1358f74deaf0"
"04_geospatial/by_catchment/PE_47E214D2/PE_47E214D2_catchment.gpkg",106496,"b649ade943e964768fe95f40026368b4"
"04_geospatial/by_catchment/PE_47E214D2/PE_47E214D2_outlet.gpkg",98304,"c2a0abf9e38e4ef390acf6e2e2be87b2"
"04_geospatial/by_catchment/PE_47E22148/PE_47E22148_catchment.gpkg",102400,"40e0a99f328d7226ba08730fb068868b"
"04_geospatial/by_catchment/PE_47E22148/PE_47E22148_outlet.gpkg",98304,"5f92d6ef357bf9f9c14898b02f6ed034"
"04_geospatial/by_catchment/PE_47E257D8/PE_47E257D8_catchment.gpkg",98304,"56a602bf1ca46789e77dfa248d476740"
"04_geospatial/by_catchment/PE_47E257D8/PE_47E257D8_outlet.gpkg",98304,"288ab23de616543bf6cf8a025b722386"
"04_geospatial/by_catchment/PE_47E2E456/PE_47E2E456_catchment.gpkg",135168,"a7c0e72bb7c528f52d19e980c3262dc5"
"04_geospatial/by_catchment/PE_47E2E456/PE_47E2E456_outlet.gpkg",98304,"47af3e417a34c651b25b918b5afcb838"
"04_geospatial/by_catchment/PE_47E9177A/PE_47E9177A_catchment.gpkg",110592,"afa486e32184294c9e23dbe044e58714"
"04_geospatial/by_catchment/PE_47E9177A/PE_47E9177A_outlet.gpkg",98304,"a22af676fa96acddc911fb34b174e796"
"04_geospatial/by_catchment/PE_47E9F488/PE_47E9F488_catchment.gpkg",102400,"71d43e0d5ebed15a4d94e7a00ca9a823"
"04_geospatial/by_catchment/PE_47E9F488/PE_47E9F488_outlet.gpkg",98304,"fe0accb747b61f265d3cebd1978a5f37"
"04_geospatial/by_catchment/PE_4994910001/PE_4994910001_catchment.gpkg",122880,"6d18e809f6b7d41dbe65bc3016513886"
"04_geospatial/by_catchment/PE_4994910001/PE_4994910001_outlet.gpkg",98304,"d05e8bd8b1489dd4f668a3cf7f2b39b6"
"04_geospatial/camels_pe_catchments.gpkg",3575808,"66ef770f6bb22a59543b3f00e4a24e11"
"04_geospatial/camels_pe_gauges.gpkg",131072,"d31038dac55d02eca35882d5b0661930"
"README.md",5808,"aab73565781b16a4c87eb3621386f70e"
