"date","gauge_id","prec","prec_var","flow_obs","flow_sim","pet","tmin","tmean","tmax","srad","vprp"
2000-01-01,"PE_110139",5.758,1.29,,1.104,2.402,3.856,8.924,13.993,19.608,7.317
2000-01-02,"PE_110139",3.417,1.512,,1.174,2.482,4.149,8.883,13.617,17.539,6.768
2000-01-03,"PE_110139",5.581,2.679,,1.189,2.647,2.964,8.564,14.164,19.482,6.235
2000-01-04,"PE_110139",5.377,3.625,,1.21,2.927,3.351,8.839,14.327,13.932,7.138
2000-01-05,"PE_110139",3.782,1.403,,1.213,2.297,3.484,7.71,11.936,11.778,6.425
2000-01-06,"PE_110139",7.771,2.605,,1.244,2.222,2.464,6.655,10.845,14.172,5.711
2000-01-07,"PE_110139",6.965,1.702,,1.304,2.153,2.186,6.762,11.338,13.307,6.069
2000-01-08,"PE_110139",4.519,1.537,,1.373,2.947,2.391,7.513,12.635,15.09,6.425
2000-01-09,"PE_110139",3.551,0.846,,1.437,2.873,2.435,8.183,13.931,17.847,6.504
2000-01-10,"PE_110139",7.071,3.02,,1.451,2.662,3.62,8.439,13.257,14.206,7.039
2000-01-11,"PE_110139",5.834,4.165,,1.469,2.792,3.254,7.972,12.69,15.193,7.117
2000-01-12,"PE_110139",6.665,5.569,,1.53,2.584,3.099,8.198,13.297,15.303,7.196
2000-01-13,"PE_110139",4.069,1.332,,1.648,2.139,4.966,8.32,11.674,13.892,7.35
2000-01-14,"PE_110139",2.572,2.069,,1.608,2.992,3.156,8.638,14.119,23.994,6.263
2000-01-15,"PE_110139",1.785,0.728,,1.469,3.489,2.509,8.361,14.213,25.678,5.342
2000-01-16,"PE_110139",3.004,2.565,,1.362,2.942,1.592,6.805,12.018,17.78,5.682
2000-01-17,"PE_110139",5.329,1.972,,1.346,2.267,2.467,6.868,11.27,13.139,6.948
2000-01-18,"PE_110139",5.124,2.838,,1.355,2.459,3.996,8.082,12.168,18.16,6.962
2000-01-19,"PE_110139",7.671,5.297,,1.466,2.55,4.658,8.566,12.475,18.361,7.198
2000-01-20,"PE_110139",5.154,4.204,,1.609,3.015,5.268,9.185,13.102,17.126,6.717
2000-01-21,"PE_110139",3.632,0.946,,1.698,3.381,4.231,9.41,14.589,18.653,6.701
2000-01-22,"PE_110139",3.011,0.589,,1.698,2.933,4.129,9.403,14.676,21.302,6.934
2000-01-23,"PE_110139",5.723,1.934,,1.696,2.276,5.075,8.632,12.189,16.753,7.82
2000-01-24,"PE_110139",5.363,2.173,,1.712,2.607,4.787,9.54,14.292,15.74,7.595
2000-01-25,"PE_110139",2.544,0.486,,1.725,2.35,5.04,8.604,12.169,16.1,7.591
2000-01-26,"PE_110139",7.685,2.467,,1.737,2.172,4.845,7.942,11.04,16.146,7.113
2000-01-27,"PE_110139",11.394,9.737,,1.83,2.198,4.824,7.78,10.736,11.225,7.333
2000-01-28,"PE_110139",7.406,3.419,,2.068,2.505,4.787,8.263,11.74,15.045,7.395
2000-01-29,"PE_110139",7.062,3.172,,2.18,2.673,4.988,8.198,11.407,14.428,7.41
2000-01-30,"PE_110139",9.73,5.193,,2.258,2.621,4.133,7.658,11.183,12.697,6.981
2000-01-31,"PE_110139",10.764,10.474,,2.348,2.378,4.081,7.834,11.587,11.898,7.071
2000-02-01,"PE_110139",5.992,1.328,,2.257,2.553,4.244,8.032,11.82,16.227,7.025
2000-02-02,"PE_110139",5.04,0.917,,2.278,3.172,4.501,9.131,13.761,18.902,7.033
2000-02-03,"PE_110139",8.704,2.02,,2.275,2.95,4.566,9.009,13.453,18.326,7.339
2000-02-04,"PE_110139",3.804,0.519,,2.274,2.808,4.456,8.807,13.159,16.756,7.345
2000-02-05,"PE_110139",1.743,0.154,,2.235,3.054,4.434,9.212,13.99,16.169,7.435
2000-02-06,"PE_110139",3.621,0.227,,2.149,3.165,4.737,8.648,12.56,15.587,7.158
2000-02-07,"PE_110139",4.877,1.509,,2.106,3.117,5.001,9.554,14.106,17.896,7.377
2000-02-08,"PE_110139",4.044,2.637,,2.092,3.245,5.219,9.887,14.555,18.225,7.593
2000-02-09,"PE_110139",3.252,0.55,,2.074,3.176,5.254,9.102,12.949,15.586,7.432
2000-02-10,"PE_110139",0.551,0.063,,2.01,2.905,4.39,8.291,12.193,16.504,6.595
2000-02-11,"PE_110139",0.178,0.006,,1.877,3.581,2.987,8.298,13.609,20.859,6.565
2000-02-12,"PE_110139",0.206,0.007,,1.677,3.697,3.387,9.351,15.316,22.932,5.647
2000-02-13,"PE_110139",1.521,0.228,,1.537,3.385,2.395,8.207,14.018,22.411,5.651
2000-02-14,"PE_110139",6.883,3.007,,1.532,2.162,3.476,8.003,12.531,14.443,6.543
2000-02-15,"PE_110139",7.646,2.544,,1.663,3.143,3.749,8.669,13.59,15.251,6.95
2000-02-16,"PE_110139",12.089,1.171,,1.97,2.078,3.413,7.287,11.161,11.017,6.534
2000-02-17,"PE_110139",8.945,1.919,,2.127,2.335,2.963,7.174,11.385,11.781,6.438
2000-02-18,"PE_110139",7.379,1.848,,2.249,2.538,3.664,7.682,11.699,14.801,6.381
2000-02-19,"PE_110139",5.875,1.697,,2.31,2.848,3.698,8.048,12.397,16.75,6.447
2000-02-20,"PE_110139",7.98,2.644,,2.385,2.562,4.075,8.079,12.084,17.444,6.828
2000-02-21,"PE_110139",11.385,2.069,,2.481,2.235,4.037,7.474,10.912,11.583,6.934
2000-02-22,"PE_110139",8.893,3.354,,2.565,2.347,3.91,7.538,11.167,14.528,6.91
2000-02-23,"PE_110139",6.876,1.736,,2.625,2.31,4.287,8.279,12.271,13.94,6.703
2000-02-24,"PE_110139",8.609,3.815,,2.742,2.375,4.196,8.173,12.15,14.486,7.143
2000-02-25,"PE_110139",11.809,2.763,,2.824,2.375,4.462,7.898,11.333,12.678,7.243
2000-02-26,"PE_110139",9.3,3.198,,2.929,2.79,4.108,8.264,12.419,14.98,7.1
2000-02-27,"PE_110139",8.518,2.468,,2.965,2.762,4.192,8.7,13.208,17.429,7.119
2000-02-28,"PE_110139",6.378,1.466,,2.968,2.353,4.917,8.308,11.699,13.477,7.698
2000-02-29,"PE_110139",5.858,1.399,,2.953,2.714,4.509,8.553,12.597,16.155,7.165
2000-03-01,"PE_110139",10.234,0.617,,2.954,2.928,4.461,8.984,13.507,16.357,7.308
2000-03-02,"PE_110139",5.856,0.609,,2.962,2.999,4.777,9.376,13.976,15.582,7.648
2000-03-03,"PE_110139",6.035,1.238,,2.962,3,4.47,9.446,14.422,15.845,7.43
2000-03-04,"PE_110139",4.782,0.042,,2.939,2.508,4.951,8.765,12.579,14.385,7.721
2000-03-05,"PE_110139",7.804,0.304,,2.901,2.253,5.278,8.734,12.191,13.719,7.805
2000-03-06,"PE_110139",9.743,1.185,,2.938,2.607,5.287,9.191,13.095,15.504,7.461
2000-03-07,"PE_110139",8.946,0.34,,2.968,2.272,4.891,8.245,11.598,13.489,7.571
2000-03-08,"PE_110139",6.084,0.267,,3.002,2.299,4.786,8.396,12.006,14.157,7.238
2000-03-09,"PE_110139",5.836,0.101,,3,2.231,4.822,7.979,11.136,13.94,7.244
2000-03-10,"PE_110139",4.406,0.246,,2.967,2.68,4.486,8.578,12.67,14.98,7.396
2000-03-11,"PE_110139",5.119,1.533,,2.927,2.712,3.629,7.905,12.182,13.239,7.032
2000-03-12,"PE_110139",3.007,0.184,,2.829,2.774,4.407,8.105,11.803,15.85,7.117
2000-03-13,"PE_110139",3.468,0.079,,2.642,2.9,4.6,8.66,12.72,17.781,7.143
2000-03-14,"PE_110139",4.767,0.309,,2.603,2.739,3.878,8.805,13.731,18.097,7.028
2000-03-15,"PE_110139",5.015,0.952,,2.584,2.73,4.547,8.244,11.941,14.799,7.383
2000-03-16,"PE_110139",1.441,0.148,,2.554,2.706,4.466,9.357,14.248,12.247,7.048
2000-03-17,"PE_110139",0.637,0.054,,2.416,2.364,3.167,7.407,11.648,16.564,5.885
2000-03-18,"PE_110139",3.012,0.954,,2.313,2.42,3.131,7.919,12.706,12.65,6.631
2000-03-19,"PE_110139",1.826,0.202,,2.208,3.214,3.758,8.697,13.636,16.338,6.588
2000-03-20,"PE_110139",3.384,0.339,,2.12,2.874,3.349,8.08,12.811,16.06,6.863
2000-03-21,"PE_110139",2.804,0.12,,2.095,2.514,4.373,7.979,11.585,14.143,7.388
2000-03-22,"PE_110139",1.438,0.015,,2.092,3.364,4.099,9.014,13.929,18.801,6.746
2000-03-23,"PE_110139",7.692,0.275,,2.092,2.567,4.821,8.887,12.953,18.48,6.84
2000-03-24,"PE_110139",6.389,0.129,,2.16,2.154,4.651,7.782,10.914,11.963,7.107
2000-03-25,"PE_110139",3.518,0.149,,2.308,2.838,4.165,8.226,12.286,15.834,6.527
2000-03-26,"PE_110139",2.126,0.592,,2.3,3.456,4.131,8.872,13.613,21.915,5.581
2000-03-27,"PE_110139",3.283,0.216,,2.199,3.257,2.889,8.437,13.985,22.009,5.619
2000-03-28,"PE_110139",3.268,0.291,,2.119,3.245,3.586,8.159,12.731,16.492,6.048
2000-03-29,"PE_110139",8.052,0.14,,2.121,3.011,4.614,8.512,12.41,18.163,6.552
2000-03-30,"PE_110139",4.097,0.472,,2.207,3.244,3.639,8.938,14.238,16.847,7.211
2000-03-31,"PE_110139",8.972,0.151,,2.31,2.638,4.913,8.607,12.302,13.737,7.324
2000-04-01,"PE_110139",4.269,0.745,,2.343,2.738,3.912,8.035,12.159,16.787,6.942
2000-04-02,"PE_110139",0.502,0.012,,2.311,2.83,3.901,8.049,12.197,17.866,6.403
2000-04-03,"PE_110139",1.319,0.126,,2.163,2.695,3.947,8.381,12.816,20.249,5.618
2000-04-04,"PE_110139",1.826,0.217,,2.093,2.279,4.216,8.194,12.173,15.416,6.329
2000-04-05,"PE_110139",1.306,0.095,,1.989,2.301,4.233,7.784,11.334,15.682,6.651
2000-04-06,"PE_110139",0.647,0.033,,1.941,2.726,3.991,8.252,12.514,16.326,6.836
2000-04-07,"PE_110139",0.4,0.008,,1.863,2.806,4.318,9.144,13.969,18.661,6.438
2000-04-08,"PE_110139",4.585,1.918,,1.844,2.962,4.784,9.22,13.656,17.607,6.782
2000-04-09,"PE_110139",2.892,0.273,,1.859,2.822,4.139,8.306,12.473,15.93,7.036
2000-04-10,"PE_110139",0.233,0.005,,1.858,2.759,3.598,8.443,13.288,17.368,6.728
2000-04-11,"PE_110139",0.371,0.005,,1.803,3.279,4.382,9.095,13.809,18.994,5.759
2000-04-12,"PE_110139",1.078,0.046,,1.68,3.288,2.899,8.349,13.798,21.754,5.001
2000-04-13,"PE_110139",2.934,0.741,,1.672,2.977,3.402,8.628,13.853,17.753,6.218
2000-04-14,"PE_110139",5.126,1.204,,1.697,2.523,1.618,7.364,13.111,15.015,7.038
2000-04-15,"PE_110139",3.676,0.631,,1.803,2.828,2.596,7.976,13.356,17.079,6.715
2000-04-16,"PE_110139",2.942,1.268,,1.848,2.292,4.376,8.319,12.262,17.413,6.858
2000-04-17,"PE_110139",2.419,0.436,,1.845,2.213,3.791,8.637,13.483,15.079,7.34
2000-04-18,"PE_110139",2.12,0.169,,1.803,2.442,3.933,8.971,14.009,14.411,7.464
2000-04-19,"PE_110139",0.718,0.027,,1.745,2.427,2.285,7.652,13.02,16.394,6.974
2000-04-20,"PE_110139",0.748,0.049,,1.626,2.394,4.385,9.021,13.656,14.368,7.27
2000-04-21,"PE_110139",0.273,0.01,,1.545,2.59,4.7,9.5,14.299,14.969,7.213
2000-04-22,"PE_110139",1.684,0.285,,1.525,2.866,4.14,9.387,14.634,17.545,7.112
2000-04-23,"PE_110139",1.09,0.143,,1.506,2.57,3.812,8.692,13.573,16.832,6.874
2000-04-24,"PE_110139",1.001,0.05,,1.454,2.44,3.421,8.446,13.47,16.239,7.009
2000-04-25,"PE_110139",2.099,0.588,,1.435,2.265,4.736,9.824,14.911,14.936,7.094
2000-04-26,"PE_110139",0.982,0.048,,1.419,2.933,3.045,9.141,15.236,17.514,7.096
2000-04-27,"PE_110139",1.54,0.194,,1.41,2.352,4.389,9.331,14.274,17.538,6.853
2000-04-28,"PE_110139",0.502,0.009,,1.387,2.653,5.058,9.824,14.589,18.461,6.639
2000-04-29,"PE_110139",0.491,0.021,,1.366,2.672,3.754,9.523,15.291,18.732,6.43
2000-04-30,"PE_110139",1.147,0.043,,1.33,2.918,2.687,9.174,15.661,18.514,6.678
2000-05-01,"PE_110139",4.636,1.461,,1.343,2.927,4,9.342,14.685,18.715,6.985
2000-05-02,"PE_110139",6.988,3.279,,1.412,2.898,2.927,8.923,14.918,16.801,6.851
2000-05-03,"PE_110139",2.153,1.277,,1.527,2.729,3.453,8.875,14.296,17.996,6.664
2000-05-04,"PE_110139",4.607,4.332,,1.546,2.278,2.438,7.567,12.696,15.144,7.06
2000-05-05,"PE_110139",5.49,2.246,,1.613,2.359,2.902,8.236,13.571,15.521,7.007
2000-05-06,"PE_110139",4.893,4.206,,1.679,2.156,2.652,7.65,12.648,15.485,7.127
2000-05-07,"PE_110139",6.899,5.244,,1.787,2.864,2.964,8.568,14.171,16.11,6.982
2000-05-08,"PE_110139",2.056,1.294,,1.848,2.747,3.401,8.597,13.793,17.924,6.782
2000-05-09,"PE_110139",1.833,0.532,,1.814,2.458,2.346,7.984,13.622,16.209,6.723
2000-05-10,"PE_110139",0.772,0.087,,1.737,2.991,4.223,9.329,14.434,18.481,6.635
2000-05-11,"PE_110139",1.185,0.188,,1.576,3.157,3.526,9.236,14.946,18.235,6.174
2000-05-12,"PE_110139",2.436,0.622,,1.526,2.799,3.294,8.901,14.509,18.032,6.62
2000-05-13,"PE_110139",2.877,1.28,,1.506,2.652,2.747,8.57,14.393,16.974,6.678
2000-05-14,"PE_110139",1.555,0.406,,1.479,2.445,2.867,7.828,12.788,15.997,6.787
2000-05-15,"PE_110139",0.352,0.061,,1.418,2.897,2.922,8.812,14.702,16.709,7.007
2000-05-16,"PE_110139",1.002,0.417,,1.379,2.868,1.76,8.506,15.251,17.748,6.776
2000-05-17,"PE_110139",0.881,0.365,,1.361,2.657,2.327,8.517,14.708,17.855,6.615
2000-05-18,"PE_110139",1.036,0.501,,1.311,2.481,3.05,8.395,13.739,16.428,6.617
2000-05-19,"PE_110139",0.386,0.077,,1.292,2.719,2.33,8.156,13.981,17.42,6.628
2000-05-20,"PE_110139",0.732,0.277,,1.248,2.619,2.451,8.651,14.851,16.525,6.736
2000-05-21,"PE_110139",2.99,0.732,,1.246,2.549,5.015,10.132,15.248,16.972,6.658
2000-05-22,"PE_110139",0.03,0,,1.248,3.051,1.932,8.833,15.735,17.917,6.051
2000-05-23,"PE_110139",0.275,0.035,,1.242,3.021,2.847,8.693,14.538,18.164,5.583
2000-05-24,"PE_110139",0.572,0.155,,1.22,3.277,1.53,8.928,16.325,19.729,5.28
2000-05-25,"PE_110139",0.004,0,,1.178,3.3,1.947,9.035,16.124,20.026,5.53
2000-05-26,"PE_110139",0.009,0,,1.139,3.175,0.905,8.432,15.958,20.268,5.324
2000-05-27,"PE_110139",0.008,0,,1.093,3.019,1.591,8.55,15.509,19.809,4.551
2000-05-28,"PE_110139",0.011,0,,1.084,3.17,0.214,8.153,16.093,20.404,4.388
2000-05-29,"PE_110139",0.027,0.001,,1.047,2.975,1.476,8.857,16.238,19.605,4.96
2000-05-30,"PE_110139",0.033,0.001,,1.038,2.846,0.67,7.691,14.713,19.27,5.116
2000-05-31,"PE_110139",0.023,0,,1.019,2.765,-0.178,7.182,14.543,18.912,5.156
2000-06-01,"PE_110139",0.028,0.001,,1.007,2.678,1.714,7.603,13.491,16.182,6.1
2000-06-02,"PE_110139",0.013,0,,0.995,2.877,0.976,7.078,13.181,16.18,6.264
2000-06-03,"PE_110139",0.027,0.001,,0.981,2.919,-0.134,7.019,14.172,13.764,6.843
2000-06-04,"PE_110139",0.072,0.005,,0.978,3.281,1.085,8.01,14.935,15.864,6.472
2000-06-05,"PE_110139",0.032,0.001,,0.978,2.983,2.136,8.328,14.52,13.893,6.607
2000-06-06,"PE_110139",0.04,0.002,,0.976,2.909,1.63,7.905,14.18,16.221,6.395
2000-06-07,"PE_110139",0.045,0.002,,0.969,2.644,1.484,7.162,12.841,15.005,6.586
2000-06-08,"PE_110139",0.146,0.02,,0.967,2.711,2.543,7.338,12.133,14.965,6.205
2000-06-09,"PE_110139",0.039,0.002,,0.961,3.008,2.511,8.164,13.817,16.264,5.695
2000-06-10,"PE_110139",0.046,0.002,,0.947,3.152,2.717,8.776,14.835,17.287,5.891
2000-06-11,"PE_110139",0.023,0.001,,0.943,3.338,1.6,8.353,15.106,16.437,6.082
2000-06-12,"PE_110139",0.053,0.003,,0.927,3.116,0.398,7.52,14.642,16.566,6.294
2000-06-13,"PE_110139",0.02,0,,0.885,3.039,0.066,7.627,15.188,18.031,5.716
2000-06-14,"PE_110139",0.009,0,,0.878,3.053,-0.645,7.219,15.082,18.475,5.024
2000-06-15,"PE_110139",0.026,0.001,,0.871,2.931,-1.167,6.364,13.895,17.497,5.066
2000-06-16,"PE_110139",0.122,0.017,,0.87,2.746,0.028,6.9,13.772,16.155,5.655
2000-06-17,"PE_110139",0.071,0.005,,0.866,2.5,1.021,7.187,13.352,13.767,5.792
2000-06-18,"PE_110139",0.147,0.021,,0.856,2.969,2.642,8.476,14.31,12.994,6.325
2000-06-19,"PE_110139",0.055,0.003,,0.855,3.016,-0.045,7.079,14.204,15.517,5.56
2000-06-20,"PE_110139",0.128,0.016,,0.845,2.926,-1.059,7.107,15.273,16.761,5.702
2000-06-21,"PE_110139",0.142,0.018,,0.839,2.821,-1.088,6.815,14.718,14.528,5.236
2000-06-22,"PE_110139",0.057,0.003,,0.834,3.022,-0.713,7.233,15.178,16.241,5.32
2000-06-23,"PE_110139",0.075,0.005,,0.828,3.3,-0.91,7.547,16.003,16.997,5.771
2000-06-24,"PE_110139",0.08,0.006,,0.82,2.977,-0.461,7.247,14.956,15.68,5.533
2000-06-25,"PE_110139",0.015,0,,0.812,3.133,0.964,8.441,15.918,16.601,5.41
2000-06-26,"PE_110139",0.006,0,,0.808,3.346,0.222,7.94,15.658,16.46,5.575
2000-06-27,"PE_110139",0.055,0.003,,0.806,3.35,-0.346,7.904,16.154,17.841,5.017
2000-06-28,"PE_110139",0.08,0.006,,0.798,3.316,-0.256,8.298,16.852,17.542,5.459
2000-06-29,"PE_110139",0.021,0,,0.782,3.347,-0.42,8.141,16.703,17.88,5.4
2000-06-30,"PE_110139",0.018,0,,0.768,3.401,-0.413,8.166,16.745,18.855,4.431
2000-07-01,"PE_110139",0.001,0,,0.856,3.597,-1.168,7.878,16.923,18.404,4.164
2000-07-02,"PE_110139",0.014,0,,0.854,3.363,-0.136,8.159,16.455,18.55,4.781
2000-07-03,"PE_110139",0.106,0.02,,0.845,2.867,1.725,8.365,15.005,16.894,5.29
2000-07-04,"PE_110139",0.188,0.027,,0.841,2.757,3.28,9.071,14.862,15.444,5.796
2000-07-05,"PE_110139",0.052,0.003,,0.837,2.607,2.793,8.001,13.209,13.691,5.996
2000-07-06,"PE_110139",0.013,0,,0.828,2.807,1.07,7.904,14.739,14.65,6.059
2000-07-07,"PE_110139",0.004,0,,0.823,3.007,-0.131,7.298,14.728,15.803,5.736
2000-07-08,"PE_110139",0.002,0,,0.819,3.11,0.395,7.7,15.005,15.807,5.849
2000-07-09,"PE_110139",0.024,0.001,,0.811,3.13,0.284,7.344,14.405,16.34,6.035
2000-07-10,"PE_110139",0.037,0.001,,0.807,3.302,-0.296,7.789,15.875,18.086,4.673
2000-07-11,"PE_110139",0.124,0.011,,0.798,3.164,-0.224,7.459,15.143,17.792,4.909
2000-07-12,"PE_110139",0.038,0.002,,0.786,3.241,-0.35,7.704,15.758,16.681,5.145
2000-07-13,"PE_110139",0.027,0.001,,0.772,3.126,0.42,7.431,14.441,17.168,5.43
2000-07-14,"PE_110139",0.011,0,,0.765,2.941,-0.719,7.419,15.558,16.149,5.469
2000-07-15,"PE_110139",0.036,0.001,,0.762,3.402,-0.272,7.917,16.106,17.162,5.713
2000-07-16,"PE_110139",0.027,0.001,,0.758,3.436,-0.769,7.611,15.991,17.561,5.446
2000-07-17,"PE_110139",0.019,0,,0.755,3.105,-1.824,6.549,14.921,16.745,5.525
2000-07-18,"PE_110139",0.004,0,,0.753,3.233,-2.537,5.819,14.175,19.906,4.319
2000-07-19,"PE_110139",0.01,0,,0.752,3.054,-2.425,5.19,12.805,18.235,4.905
2000-07-20,"PE_110139",0.016,0,,0.741,2.83,-1.1,5.902,12.904,15.706,5.848
2000-07-21,"PE_110139",0.02,0,,0.736,2.781,-0.143,6.729,13.601,18.251,5.488
2000-07-22,"PE_110139",0.023,0.001,,0.732,3.239,-2.843,5.494,13.83,19.571,4.74
2000-07-23,"PE_110139",0.046,0.003,,0.726,2.797,0.468,7.125,13.782,15.789,5.512
2000-07-24,"PE_110139",0.109,0.011,,0.716,2.602,0.513,6.93,13.347,14.929,5.857
2000-07-25,"PE_110139",0.039,0.002,,0.71,3.27,2.071,8.821,15.571,16.007,5.982
2000-07-26,"PE_110139",0.017,0,,0.704,3.388,1.899,8.426,14.952,16.534,5.088
2000-07-27,"PE_110139",0.016,0,,0.7,3.633,-0.29,7.75,15.791,18.728,4.296
2000-07-28,"PE_110139",0.012,0,,0.694,3.872,-2.134,7.107,16.347,21.014,3.212
2000-07-29,"PE_110139",0.001,0,,0.683,3.865,-2.189,7.571,17.33,20.763,3.221
2000-07-30,"PE_110139",0.002,0,,0.672,3.65,-1.116,7.373,15.863,19.981,4.456
2000-07-31,"PE_110139",0.004,0,,0.666,3.252,-1.77,6.502,14.775,16.63,5.567
2000-08-01,"PE_110139",0.028,0,,0.784,3.179,-1.097,7.413,15.923,17.835,5.387
2000-08-02,"PE_110139",0.032,0.001,,0.779,3.107,-0.774,7.28,15.334,18.463,4.877
2000-08-03,"PE_110139",0.084,0.004,,0.776,3.41,0.118,8.112,16.106,17.837,4.988
2000-08-04,"PE_110139",0.141,0.011,,0.77,2.679,1.062,7.245,13.428,16.601,5.317
2000-08-05,"PE_110139",0.189,0.028,,0.768,3.068,-0.098,7.752,15.602,14.862,6.165
2000-08-06,"PE_110139",0.006,0,,0.767,2.94,2.721,9.135,15.55,17.705,6.033
2000-08-07,"PE_110139",0.029,0.001,,0.763,3.215,1.339,8.65,15.961,17.408,5.55
2000-08-08,"PE_110139",0.275,0.05,,0.761,2.747,1.272,7.865,14.459,17.28,5.709
2000-08-09,"PE_110139",0.465,0.122,,0.76,2.813,2.178,8.266,14.354,16.852,5.83
2000-08-10,"PE_110139",0.529,0.17,,0.76,2.926,1.926,8.179,14.433,16.962,5.809
2000-08-11,"PE_110139",0.126,0.009,,0.76,3.001,3.062,8.925,14.789,15.619,6.158
2000-08-12,"PE_110139",0.426,0.102,,0.759,3.495,3.014,9.335,15.657,15.743,6.311
2000-08-13,"PE_110139",0.235,0.028,,0.756,3.041,1.087,8.182,15.276,15.458,6.198
2000-08-14,"PE_110139",0.086,0.004,,0.753,3.762,1.638,8.991,16.344,18.56,5.603
2000-08-15,"PE_110139",0.061,0.002,,0.751,4.033,1.265,9.329,17.393,20.631,4.613
2000-08-16,"PE_110139",0.048,0.001,,0.738,4.103,-0.245,8.52,17.286,20.857,4.333
2000-08-17,"PE_110139",0.03,0,,0.725,4.043,-0.16,8.54,17.239,21.194,4.692
2000-08-18,"PE_110139",0.067,0.002,,0.716,3.835,1.79,9.277,16.763,18.989,4.855
2000-08-19,"PE_110139",0.063,0.002,,0.692,3.46,2.464,8.655,14.846,16.253,5.38
2000-08-20,"PE_110139",0.079,0.003,,0.68,3.515,2.607,9.723,16.839,17.444,5.675
2000-08-21,"PE_110139",0.04,0.001,,0.667,3.742,0.91,8.521,16.133,18.616,5.259
2000-08-22,"PE_110139",0.044,0.001,,0.654,3.852,1.529,8.873,16.218,18.859,5.245
2000-08-23,"PE_110139",0.022,0,,0.617,3.726,1.811,8.845,15.878,18.648,5.26
2000-08-24,"PE_110139",0.005,0,,0.584,3.689,1.075,8.441,15.806,19.454,5.326
2000-08-25,"PE_110139",0.01,0,,0.575,3.635,0.737,8.226,15.716,20.115,5.603
2000-08-26,"PE_110139",0.007,0,,0.562,3.382,1.119,8.144,15.169,18.47,6.184
2000-08-27,"PE_110139",0.081,0.003,,0.556,3.729,1.071,9.07,17.069,19.152,6.283
2000-08-28,"PE_110139",0.069,0.002,,0.547,3.584,1.173,9.447,17.721,19.901,6.063
2000-08-29,"PE_110139",0.072,0.003,,0.541,3.622,0.903,9.1,17.297,18.618,6.39
2000-08-30,"PE_110139",0.091,0.004,,0.538,3.426,0.979,8.352,15.725,18.724,6.079
2000-08-31,"PE_110139",0.042,0.001,,0.535,3.553,0.769,8.777,16.784,21.702,5.142
2000-09-01,"PE_110139",0.572,0.164,,0.652,3.694,2.033,9.313,16.593,20.774,5.501
2000-09-02,"PE_110139",0.318,0.052,,0.654,3.386,0.204,7.613,15.021,20.995,5.44
2000-09-03,"PE_110139",0.51,0.133,,0.657,3.392,-0.325,7.144,14.614,22.234,4.832
2000-09-04,"PE_110139",0.405,0.086,,0.659,3.353,-0.472,7.743,15.958,20.272,4.313
2000-09-05,"PE_110139",0.642,0.227,,0.659,3.37,0.127,8.621,17.115,21.883,4.671
2000-09-06,"PE_110139",0.322,0.055,,0.659,3.003,1.341,9.05,16.759,20.388,5.116
2000-09-07,"PE_110139",0.019,0,,0.652,2.969,0.711,8.266,15.82,20.787,5.133
2000-09-08,"PE_110139",0.047,0.002,,0.571,3.382,0.294,8.144,15.993,21.379,4.418
2000-09-09,"PE_110139",0.323,0.034,,0.545,3.509,1.165,7.983,14.801,21.644,4.253
2000-09-10,"PE_110139",2.3,1.574,,0.551,2.914,3.639,8.619,13.598,14.646,5.503
2000-09-11,"PE_110139",0.408,0.083,,0.649,3.511,0.227,7.646,15.066,22.128,4.704
2000-09-12,"PE_110139",2.265,1.274,,0.694,3.434,1.009,8.668,16.328,20.42,5.33
2000-09-13,"PE_110139",2.074,1.117,,0.753,3.119,3.611,9.656,15.701,20.482,6.188
2000-09-14,"PE_110139",3.166,3.116,,0.798,3.484,2.231,9.082,15.933,20.951,5.777
2000-09-15,"PE_110139",0.456,0.12,,0.856,2.949,3.159,9.125,15.091,15.55,6.245
2000-09-16,"PE_110139",0.928,0.406,,0.86,2.674,3.605,8.291,12.976,15.194,7.002
2000-09-17,"PE_110139",0.509,0.164,,0.86,3.078,2.8,8.481,14.163,19.424,6.135
2000-09-18,"PE_110139",0.36,0.084,,0.841,3.21,1.794,8.266,14.738,19.252,5.948
2000-09-19,"PE_110139",1.06,0.42,,0.81,2.976,1.998,8.332,14.665,19.801,5.913
2000-09-20,"PE_110139",0.898,0.378,,0.796,3.453,3.796,9.855,15.915,20.745,5.776
2000-09-21,"PE_110139",3.546,2.165,,0.831,3.599,4.126,10.37,16.615,20.336,6.168
2000-09-22,"PE_110139",2.782,2.528,,0.867,2.759,4.568,9.61,14.651,19.018,6.524
2000-09-23,"PE_110139",1.786,0.82,,0.876,2.512,4.149,9.457,14.765,14.56,7.126
2000-09-24,"PE_110139",2.998,2.328,,0.882,3.291,1.93,9.339,16.749,18.321,6.413
2000-09-25,"PE_110139",1.559,1.297,,0.883,2.962,2.322,7.979,13.635,17.927,6.937
2000-09-26,"PE_110139",1.545,1.432,,0.883,2.685,5.052,9.837,14.621,18.443,6.932
2000-09-27,"PE_110139",0.666,0.268,,0.883,3.232,3.391,9.7,16.009,19.553,6.397
2000-09-28,"PE_110139",5.383,4.474,,0.884,3.077,1.822,8.756,15.691,17.388,6.709
2000-09-29,"PE_110139",1.187,0.411,,0.897,3.182,1.752,7.957,14.162,17.668,6.716
2000-09-30,"PE_110139",0.375,0.081,,0.898,3.445,2.399,8.82,15.242,22.101,5.857
2000-10-01,"PE_110139",0.606,0.065,,0.862,3.853,2.634,8.459,14.285,22.667,5.284
2000-10-02,"PE_110139",0.141,0.005,,0.853,4.057,1.898,8.684,15.47,23.667,4.781
2000-10-03,"PE_110139",1.641,0.354,,0.848,3.194,1.847,8.562,15.277,23.203,5.475
2000-10-04,"PE_110139",1.892,0.772,,0.848,3.135,1.902,8.049,14.197,22.096,5.85
2000-10-05,"PE_110139",1.225,0.217,,0.849,3.227,1.746,8.228,14.71,22.506,5.943
2000-10-06,"PE_110139",2.082,1.378,,0.853,3.239,2.637,8.738,14.84,17.262,6.802
2000-10-07,"PE_110139",0.901,0.246,,0.853,2.756,2.597,7.071,11.545,15.553,6.875
2000-10-08,"PE_110139",2.246,0.63,,0.858,2.751,3.941,7.801,11.66,15.235,6.844
2000-10-09,"PE_110139",2.101,0.789,,0.861,3.388,3.707,8.703,13.698,16.813,6.732
2000-10-10,"PE_110139",2.032,1.256,,0.862,3.222,4.449,8.145,11.841,16.895,6.769
2000-10-11,"PE_110139",2.948,1.786,,0.864,3.197,4.926,9.038,13.15,18.01,6.391
2000-10-12,"PE_110139",5.149,4.831,,0.876,3.123,3.842,8.706,13.57,19.522,6.147
2000-10-13,"PE_110139",0.766,0.184,,0.89,3.272,2.371,8.412,14.454,16.627,6.272
2000-10-14,"PE_110139",1.897,0.944,,0.894,3.627,3.119,9.125,15.131,19.079,6.159
2000-10-15,"PE_110139",0.444,0.069,,0.891,3.34,3.951,8.44,12.929,17.774,6.359
2000-10-16,"PE_110139",1.096,0.032,,0.881,3.457,2.815,8.322,13.828,17.058,6.723
2000-10-17,"PE_110139",0.642,0.05,,0.876,3.733,3.944,9.651,15.359,17.959,6.699
2000-10-18,"PE_110139",0.76,0.114,,0.87,3.993,4.741,10.217,15.692,19.038,6.647
2000-10-19,"PE_110139",1.369,0.339,,0.863,3.194,5.284,9.876,14.468,18.623,6.725
2000-10-20,"PE_110139",2.997,3.301,,0.863,3.057,4.47,8.951,13.432,18.329,6.777
2000-10-21,"PE_110139",0.373,0.036,,0.864,3.287,4.329,10.023,15.717,18.715,7.174
2000-10-22,"PE_110139",3.048,2.358,,0.87,3.854,2.959,9.651,16.342,22.086,6.638
2000-10-23,"PE_110139",0.839,0.084,,0.871,3.912,1.065,8.982,16.9,25.199,5.383
2000-10-24,"PE_110139",1.086,0.124,,0.872,3.529,2.223,9.385,16.548,22.885,6.133
2000-10-25,"PE_110139",1.018,0.105,,0.871,3.426,1.898,8.282,14.667,22.773,5.53
2000-10-26,"PE_110139",1.268,0.648,,0.87,2.827,2.424,8.012,13.599,21.922,5.743
2000-10-27,"PE_110139",0.574,0.13,,0.87,3.447,1.734,8.031,14.327,28.001,4.565
2000-10-28,"PE_110139",1.324,0.065,,0.864,3.899,1.203,8.995,16.787,28.13,4.166
2000-10-29,"PE_110139",0.316,0.022,,0.863,3.728,2.834,9.434,16.034,23.874,5.002
2000-10-30,"PE_110139",0.015,0,,0.862,3.67,4.197,10.996,17.796,20.527,6.882
2000-10-31,"PE_110139",0.045,0.001,,0.858,3.075,2.61,9.782,16.954,20.116,6.899
2000-11-01,"PE_110139",0.208,0.027,,0.805,3.848,2.141,9.329,16.517,23.203,5.892
2000-11-02,"PE_110139",1.089,0.343,,0.803,4.124,1.634,9.585,17.536,27.152,4.823
2000-11-03,"PE_110139",0.042,0.001,,0.801,4.101,0.641,9.106,17.572,28.397,4.031
2000-11-04,"PE_110139",0.079,0.004,,0.8,3.841,-0.261,8.746,17.753,28.493,3.482
2000-11-05,"PE_110139",0.681,0.134,,0.8,3.985,-0.138,8.864,17.866,28.59,3.408
2000-11-06,"PE_110139",0.274,0.013,,0.797,3.84,-0.117,8.574,17.266,28.682,3.249
2000-11-07,"PE_110139",0.176,0.005,,0.797,3.93,-0.154,8.155,16.463,28.417,3.86
2000-11-08,"PE_110139",0.116,0.004,,0.797,4.045,-0.426,8.13,16.686,27.662,3.68
2000-11-09,"PE_110139",0.188,0.009,,0.797,3.914,-0.948,8.461,17.87,26.626,4.01
2000-11-10,"PE_110139",0.775,0.128,,0.797,3.906,-0.343,8.714,17.772,27.053,4.31
2000-11-11,"PE_110139",1.879,1.506,,0.797,3.713,0.189,8.772,17.355,26.949,4.359
2000-11-12,"PE_110139",0.992,0.271,,0.798,3.712,0.299,9.346,18.394,26.436,4.483
2000-11-13,"PE_110139",1.621,0.92,,0.802,3.789,-0.215,8.608,17.43,27.676,4.377
2000-11-14,"PE_110139",1.606,1.058,,0.805,3.761,-0.731,8.207,17.146,27.567,4.148
2000-11-15,"PE_110139",1.621,0.688,,0.809,3.627,0.373,8.738,17.102,26.064,3.738
2000-11-16,"PE_110139",0.103,0.004,,0.812,3.108,1.904,8.267,14.629,15.549,5.156
2000-11-17,"PE_110139",2.824,0.985,,0.813,2.574,3.946,9.147,14.348,19.754,6.623
2000-11-18,"PE_110139",1.348,0.173,,0.815,3.507,5.088,10.842,16.597,21.362,6.726
2000-11-19,"PE_110139",2.252,1.597,,0.82,3.757,2.901,10.27,17.64,21.461,6.557
2000-11-20,"PE_110139",0.145,0.004,,0.821,3.99,3.243,10.495,17.748,23.183,6.309
2000-11-21,"PE_110139",0.287,0.037,,0.817,3.59,1.991,9.298,16.605,19.186,7.215
2000-11-22,"PE_110139",1.035,0.465,,0.814,2.754,4.477,9.127,13.778,13.32,7.355
2000-11-23,"PE_110139",1.124,0.455,,0.812,2.523,5.005,8.285,11.564,16.061,6.98
2000-11-24,"PE_110139",1.792,1.262,,0.813,3.571,4.889,9.64,14.39,18.542,6.912
2000-11-25,"PE_110139",1.302,0.635,,0.814,3.29,5.059,9.952,14.844,20.166,7.008
2000-11-26,"PE_110139",4.772,6.206,,0.82,3.149,5.375,10.27,15.165,19.505,7.28
2000-11-27,"PE_110139",10.04,5.643,,0.858,2.864,5.182,9.449,13.715,17.55,7.57
2000-11-28,"PE_110139",2.774,1.225,,0.897,2.458,4.957,8.595,12.234,13.804,7.526
2000-11-29,"PE_110139",5.827,4.849,,0.946,2.624,5.059,9.058,13.058,18.597,7.311
2000-11-30,"PE_110139",5.83,4.407,,0.997,2.833,5.494,8.318,11.141,18.316,7.42
2000-12-01,"PE_110139",7.49,4.249,,0.942,3.352,4.705,9.755,14.806,17.984,7.401
2000-12-02,"PE_110139",9.463,2.76,,1.004,3.012,3.344,8.788,14.231,18.06,7.305
2000-12-03,"PE_110139",5.076,0.058,,1.161,3.067,3.177,8.56,13.943,16.955,7.3
2000-12-04,"PE_110139",4.952,0.42,,1.204,2.714,3.765,8.489,13.212,16.108,7.173
2000-12-05,"PE_110139",1.328,0.284,,1.204,3.174,3.324,8.536,13.748,18.007,7.298
2000-12-06,"PE_110139",2.111,0.166,,1.161,3.032,2.81,7.902,12.995,19.801,6.645
2000-12-07,"PE_110139",7.9,0.257,,1.092,3.286,3.713,9.16,14.607,20.35,6.635
2000-12-08,"PE_110139",5.99,0.834,,1.163,2.74,3.749,7.804,11.859,15.983,6.847
2000-12-09,"PE_110139",6.252,0.73,,1.205,2.882,4.646,8.432,12.219,14.205,6.704
2000-12-10,"PE_110139",5.724,0.374,,1.225,2.897,5.138,9.601,14.065,16.583,6.994
2000-12-11,"PE_110139",0.295,0.014,,1.226,4.115,3.378,10.013,16.648,21.898,6.143
2000-12-12,"PE_110139",0.132,0.003,,1.204,4.293,2.5,10.266,18.033,27.43,5.305
2000-12-13,"PE_110139",0.885,0.085,,1.068,4.071,1.022,9.532,18.042,27.866,4.752
2000-12-14,"PE_110139",0.672,0.047,,0.989,3.855,0.962,9.117,17.271,25.192,5.325
2000-12-15,"PE_110139",1.139,0.111,,0.947,3.42,0.795,8.226,15.656,25.442,5.505
2000-12-16,"PE_110139",1.647,0.301,,0.927,3,2.227,8.212,14.197,21.55,6.575
2000-12-17,"PE_110139",9.328,2.013,,0.946,2.938,3.04,7.958,12.875,17.945,7.204
2000-12-18,"PE_110139",3.672,0.768,,1.007,3.169,3.8,9.198,14.596,16.216,6.955
2000-12-19,"PE_110139",4.717,1.307,,1.105,3.675,2.711,9.124,15.537,20.982,6.325
2000-12-20,"PE_110139",6.723,0.62,,1.195,3.283,3.525,8.77,14.014,20.418,6.772
2000-12-21,"PE_110139",4.162,2.559,,1.223,3.527,2.755,8.814,14.872,23.314,6.051
2000-12-22,"PE_110139",6.185,2.491,,1.249,3.808,3.48,9.182,14.885,25.255,5.939
2000-12-23,"PE_110139",4.934,4.475,,1.285,3.564,4.198,9.192,14.185,21.314,6.562
2000-12-24,"PE_110139",3.729,0.886,,1.294,3.512,4.163,10.01,15.856,20.597,6.598
2000-12-25,"PE_110139",3.856,0.706,,1.292,3.809,2.837,9.614,16.391,21.787,6.333
2000-12-26,"PE_110139",4.188,0.458,,1.288,3.719,3.431,9.928,16.425,21.585,6.962
2000-12-27,"PE_110139",9.099,0.579,,1.321,2.898,4.335,8.237,12.138,14.97,7.949
2000-12-28,"PE_110139",10.012,1.087,,1.502,2.778,4.803,8.515,12.226,14.991,7.685
2000-12-29,"PE_110139",12.699,1.323,,1.806,2.653,4.86,7.669,10.477,14.896,7.681
2000-12-30,"PE_110139",8.132,1.959,,2.005,2.33,4.387,8.004,11.621,12.829,7.648
2000-12-31,"PE_110139",7.338,2.66,,2.152,3.194,3.825,7.873,11.921,15.377,7.288
2000-01-01,"PE_111151",5.22,11.208,,0.342,2.53,7.391,11.846,16.302,17.458,10.294
2000-01-02,"PE_111151",3.822,9.01,,0.409,2.789,7.434,11.672,15.91,16.733,9.931
2000-01-03,"PE_111151",11.754,29.76,,0.545,2.706,6.361,11.269,16.177,18.143,9.377
2000-01-04,"PE_111151",3.977,3.6,,0.701,2.69,6.529,11.481,16.433,14.381,9.827
2000-01-05,"PE_111151",6.504,14.405,,0.824,2.223,6.847,10.773,14.699,14.262,9.064
2000-01-06,"PE_111151",7.374,11.923,,0.954,2.74,6.021,10.184,14.346,14.425,8.098
2000-01-07,"PE_111151",4.611,11.714,,1.072,3.027,5.882,10.187,14.492,13.779,8.657
2000-01-08,"PE_111151",3.747,4.703,,1.117,3.4,5.962,10.756,15.55,16.749,9.067
2000-01-09,"PE_111151",3.572,6.766,,1.078,3.307,5.906,11.076,16.246,16.29,9.734
2000-01-10,"PE_111151",3.974,8.566,,0.988,2.695,6.922,11.336,15.751,13.299,10.195
2000-01-11,"PE_111151",3.697,5.549,,0.916,2.633,6.734,11.013,15.292,12.317,9.94
2000-01-12,"PE_111151",9.323,37.352,,0.883,2.951,7.106,11.442,15.778,12.275,10.054
2000-01-13,"PE_111151",1.566,2.151,,0.916,2.586,7.877,11.217,14.557,14.329,10.116
2000-01-14,"PE_111151",0.609,0.101,,0.929,3.459,6.488,11.474,16.46,23.559,9.214
2000-01-15,"PE_111151",0.64,0.106,,0.82,3.818,6.047,11.371,16.695,24.529,8.033
2000-01-16,"PE_111151",0.705,0.112,,0.701,3.108,5.509,10.296,15.084,19.124,8.594
2000-01-17,"PE_111151",7.04,27.671,,0.58,2.721,6.125,10.365,14.604,13.947,8.881
2000-01-18,"PE_111151",1.741,1.81,,0.555,3.256,7.397,11.406,15.415,18.844,8.79
2000-01-19,"PE_111151",5.802,8.79,,0.588,2.922,7.877,11.46,15.043,14.509,10.128
2000-01-20,"PE_111151",4.457,3.701,,0.65,3.093,8.396,11.869,15.342,16.035,10.386
2000-01-21,"PE_111151",1.199,0.357,,0.718,3.445,7.652,12.15,16.648,17.246,10.449
2000-01-22,"PE_111151",1.296,0.817,,0.718,3.27,7.622,12.236,16.851,19.119,10.655
2000-01-23,"PE_111151",3.504,2.88,,0.659,2.884,8.295,11.73,15.164,15.688,11.02
2000-01-24,"PE_111151",3.884,7.282,,0.621,3.13,7.995,12.568,17.141,16.773,10.286
2000-01-25,"PE_111151",1.172,0.367,,0.608,2.667,8.305,11.883,15.46,16.08,10
2000-01-26,"PE_111151",7.869,10.172,,0.615,2.535,8.127,11.353,14.58,15.577,9.924
2000-01-27,"PE_111151",16.933,29.379,,0.735,2.59,8.223,11.405,14.586,11.49,10.159
2000-01-28,"PE_111151",5.55,5.154,,1.105,2.668,8.249,11.623,14.996,14.361,10.277
2000-01-29,"PE_111151",3.526,2.735,,1.353,2.459,8.251,11.443,14.635,13.396,10.359
2000-01-30,"PE_111151",6.259,9.167,,1.394,2.523,7.694,11.124,14.554,12.73,9.785
2000-01-31,"PE_111151",11.359,23.166,,1.406,2.679,7.703,11.516,15.328,11.343,9.884
2000-02-01,"PE_111151",4.863,2.121,,1.561,2.658,7.866,11.337,14.809,16.81,9.746
2000-02-02,"PE_111151",7.63,6.828,,1.619,3.458,7.665,11.98,16.296,18.341,10.161
2000-02-03,"PE_111151",15.301,21.549,,1.701,3.011,7.884,11.998,16.112,15.859,10.679
2000-02-04,"PE_111151",1.702,1.152,,1.856,2.903,7.699,11.734,15.77,15.371,10.487
2000-02-05,"PE_111151",0.843,0.173,,1.892,3.103,7.559,12,16.441,16.213,10.49
2000-02-06,"PE_111151",0.649,0.219,,1.691,2.915,7.629,11.474,15.32,16.288,9.841
2000-02-07,"PE_111151",2.076,0.765,,1.425,3.365,7.956,12.302,16.648,15.974,10.127
2000-02-08,"PE_111151",2.981,1.842,,1.123,3.391,8.04,12.462,16.885,19.138,10.094
2000-02-09,"PE_111151",2.75,2.481,,0.87,3.48,8.019,11.777,15.535,16.841,9.757
2000-02-10,"PE_111151",0.505,0.044,,0.771,2.951,7.421,11.124,14.827,15.645,9.388
2000-02-11,"PE_111151",0.164,0.005,,0.68,3.406,6.303,11.191,16.079,19.975,9.539
2000-02-12,"PE_111151",0.207,0.02,,0.559,3.717,6.52,11.791,17.062,24.248,8.461
2000-02-13,"PE_111151",0.596,0.111,,0.41,3.345,5.813,11.083,16.353,21.516,8.579
2000-02-14,"PE_111151",3.118,4.635,,0.324,2.314,6.952,11.103,15.255,14.193,9.65
2000-02-15,"PE_111151",12.047,17.127,,0.376,3.349,7.24,11.794,16.348,14.54,9.853
2000-02-16,"PE_111151",12.406,17.412,,0.68,2.372,7,10.623,14.245,12.146,9.529
2000-02-17,"PE_111151",9.026,9.483,,1.162,2.638,6.606,10.543,14.48,14.725,9.419
2000-02-18,"PE_111151",10.845,11.64,,1.538,2.838,7.054,10.779,14.503,15.199,9.659
2000-02-19,"PE_111151",4.589,3.361,,1.797,3.109,7.106,11.144,15.183,16.447,9.85
2000-02-20,"PE_111151",6.513,10.391,,1.93,2.817,7.388,11.156,14.925,14.568,10.167
2000-02-21,"PE_111151",11.647,12.657,,1.936,2.449,7.278,10.674,14.07,13.751,10.183
2000-02-22,"PE_111151",8.959,6.082,,1.964,2.749,7.394,10.856,14.318,14.307,9.936
2000-02-23,"PE_111151",6.075,8.426,,2.063,2.651,7.565,11.404,15.243,13.714,9.847
2000-02-24,"PE_111151",7.576,13.318,,2.089,2.738,7.469,11.265,15.062,13.692,10.267
2000-02-25,"PE_111151",10.788,6.795,,2.089,2.736,7.517,10.809,14.102,12.517,10.251
2000-02-26,"PE_111151",8.522,10.855,,2.132,3.064,7.49,11.272,15.054,14.061,10.133
2000-02-27,"PE_111151",6.197,6.766,,2.181,3.087,7.47,11.614,15.759,13.728,10.401
2000-02-28,"PE_111151",7.26,4.346,,2.175,2.555,7.866,11.154,14.441,13.531,10.815
2000-02-29,"PE_111151",5.451,2.496,,2.117,3.051,7.604,11.412,15.22,16.73,10.319
2000-03-01,"PE_111151",9.835,12.237,,2.168,3.13,7.973,12.01,16.047,16.243,10.722
2000-03-02,"PE_111151",7.38,7.908,,2.155,3.056,8.21,12.221,16.233,14.782,11.198
2000-03-03,"PE_111151",3.952,3.959,,2.155,2.919,7.96,12.275,16.589,15.507,10.904
2000-03-04,"PE_111151",2.848,1.537,,2.084,2.458,8.331,11.706,15.082,13.458,11.029
2000-03-05,"PE_111151",5.055,9.405,,1.917,2.393,8.598,11.663,14.727,12.083,11.241
2000-03-06,"PE_111151",11.57,15.453,,1.812,3.162,8.501,12.115,15.728,16.438,10.892
2000-03-07,"PE_111151",5.708,9.833,,1.847,2.444,8.394,11.366,14.339,11.294,10.762
2000-03-08,"PE_111151",5.979,4.797,,1.944,2.879,8.337,11.524,14.711,13.702,10.365
2000-03-09,"PE_111151",3.755,2.907,,1.953,2.683,8.459,11.364,14.27,11.93,10.245
2000-03-10,"PE_111151",2.411,2.78,,1.858,2.926,8.2,11.9,15.6,13.188,10.331
2000-03-11,"PE_111151",1.917,1.68,,1.702,2.65,7.536,11.29,15.044,13.746,10.246
2000-03-12,"PE_111151",1.702,0.732,,1.525,2.989,7.821,11.143,14.465,15.898,10.137
2000-03-13,"PE_111151",1.651,0.518,,1.339,2.936,7.916,11.595,15.274,17.455,9.796
2000-03-14,"PE_111151",1.593,1.211,,1.149,3.169,7.378,11.763,16.148,18.711,10.142
2000-03-15,"PE_111151",2.725,3.354,,1.007,2.782,7.84,11.231,14.623,15.799,10.179
2000-03-16,"PE_111151",1.924,3.099,,0.938,3.087,7.387,11.874,16.36,15.797,9.981
2000-03-17,"PE_111151",0.888,0.571,,0.879,2.413,6.711,10.455,14.199,17.363,7.785
2000-03-18,"PE_111151",2.947,7.774,,0.831,2.815,6.604,10.871,15.138,14.348,9.019
2000-03-19,"PE_111151",0.754,0.309,,0.806,3.03,7.101,11.492,15.883,14.837,10.265
2000-03-20,"PE_111151",3.415,5.118,,0.794,2.878,6.976,11.174,15.373,14.86,9.776
2000-03-21,"PE_111151",2.485,3.183,,0.8,2.536,7.729,11.027,14.325,13.947,10.169
2000-03-22,"PE_111151",0.874,0.233,,0.82,3.56,7.248,11.701,16.155,19.386,9.391
2000-03-23,"PE_111151",7.554,12.532,,0.855,2.658,7.973,11.644,15.314,17.723,9.507
2000-03-24,"PE_111151",5.701,3.998,,0.955,2.259,7.868,10.68,13.492,13.503,10.229
2000-03-25,"PE_111151",0.696,0.534,,1.075,3.12,7.538,11.156,14.773,14.995,10.101
2000-03-26,"PE_111151",1.089,1.524,,1.127,3.749,6.809,11.425,16.04,18.586,9.409
2000-03-27,"PE_111151",1.221,0.635,,1.064,3.281,6.424,11.318,16.212,17.659,9.652
2000-03-28,"PE_111151",2.519,3.539,,0.981,3.252,6.95,11.107,15.265,16.683,9.645
2000-03-29,"PE_111151",7.151,10.354,,0.952,3.204,7.725,11.461,15.197,19.28,9.715
2000-03-30,"PE_111151",3.769,5.544,,1.003,3.329,7.031,11.763,16.495,15.457,10.645
2000-03-31,"PE_111151",7.977,8.831,,1.12,2.909,7.954,11.371,14.788,14.434,10.351
2000-04-01,"PE_111151",3.453,5.725,,1.367,3.108,7.638,11.479,15.319,12.872,10.465
2000-04-02,"PE_111151",0.542,0.126,,1.458,3.378,7.407,11.321,15.236,17.217,9.964
2000-04-03,"PE_111151",2.057,1.249,,1.431,3.052,7.126,11.374,15.621,12.799,9.617
2000-04-04,"PE_111151",2.203,1.223,,1.282,2.654,7.644,11.263,14.883,15.808,10.157
2000-04-05,"PE_111151",1.258,0.375,,1.159,2.354,7.654,10.969,14.285,13.593,10.08
2000-04-06,"PE_111151",0.703,0.403,,1.065,2.757,7.38,11.34,15.3,14.674,10.236
2000-04-07,"PE_111151",0.535,0.106,,0.962,3.091,7.43,11.898,16.367,16.051,10.091
2000-04-08,"PE_111151",1.019,0.284,,0.859,3.244,7.694,11.89,16.086,16.809,9.821
2000-04-09,"PE_111151",4.354,11.581,,0.802,2.994,7.867,11.637,15.407,14.537,10.407
2000-04-10,"PE_111151",0.956,0.769,,0.831,2.97,7.061,11.505,15.948,15.966,10.791
2000-04-11,"PE_111151",0.656,0.382,,0.862,3.492,7.304,11.78,16.256,14.995,10.036
2000-04-12,"PE_111151",0.473,0.136,,0.85,3.34,6.391,11.311,16.232,17.246,9.344
2000-04-13,"PE_111151",2.215,2.697,,0.8,3.187,7.169,11.726,16.284,16.06,9.904
2000-04-14,"PE_111151",2.448,4.478,,0.783,2.697,5.743,10.832,15.922,15.79,9.772
2000-04-15,"PE_111151",1.333,0.517,,0.79,2.924,6.31,11.137,15.964,16.276,9.821
2000-04-16,"PE_111151",1.773,1.784,,0.805,2.594,7.763,11.411,15.059,15.608,10.357
2000-04-17,"PE_111151",1.833,1.885,,0.82,2.611,7.359,11.576,15.793,14.938,10.311
2000-04-18,"PE_111151",0.866,0.62,,0.822,2.726,6.648,11.398,16.148,13.771,10.887
2000-04-19,"PE_111151",0.75,0.379,,0.799,2.626,6.322,10.902,15.481,15.334,10.531
2000-04-20,"PE_111151",0.68,1.249,,0.756,2.476,7.68,11.806,15.932,14.305,10.48
2000-04-21,"PE_111151",1.52,3.206,,0.726,2.893,7.72,12.1,16.479,14.775,10.65
2000-04-22,"PE_111151",1.482,0.998,,0.713,2.951,7.123,11.911,16.698,17.931,10.087
2000-04-23,"PE_111151",0.289,0.053,,0.711,2.749,7.043,11.455,15.867,14.633,10.113
2000-04-24,"PE_111151",0.719,0.149,,0.684,2.897,7.116,11.499,15.882,16.773,10.234
2000-04-25,"PE_111151",0.452,0.084,,0.663,2.7,7.439,12.185,16.932,15.479,10.508
2000-04-26,"PE_111151",1.228,1.392,,0.637,3.019,6.473,11.807,17.142,14.833,10.579
2000-04-27,"PE_111151",0.809,0.477,,0.634,2.803,7.5,12.087,16.675,16.263,10.206
2000-04-28,"PE_111151",0.367,0.127,,0.632,3.091,7.468,12.086,16.705,15.318,10.009
2000-04-29,"PE_111151",0.42,0.176,,0.62,3.092,6.893,12.105,17.316,16.982,9.751
2000-04-30,"PE_111151",0.247,0.074,,0.604,2.978,6.447,11.963,17.48,16.638,9.93
2000-05-01,"PE_111151",0.055,0.004,,0.649,3.341,7.71,12.802,17.894,16.422,10.193
2000-05-02,"PE_111151",0.385,0.409,,0.608,3.282,6.525,12.215,17.905,16.372,9.828
2000-05-03,"PE_111151",1.248,2.171,,0.586,3.126,7.326,12.378,17.429,17.752,9.619
2000-05-04,"PE_111151",4.502,14.869,,0.614,2.625,6.775,11.451,16.127,14.901,9.8
2000-05-05,"PE_111151",0.802,0.792,,0.722,2.942,7.306,12.185,17.064,16.725,9.783
2000-05-06,"PE_111151",2.414,7.343,,0.823,2.753,7.405,12,16.596,16.386,9.867
2000-05-07,"PE_111151",1.199,1.459,,0.889,3.051,7.723,12.609,17.495,16.365,9.911
2000-05-08,"PE_111151",1.631,0.969,,0.89,2.983,7.291,12.271,17.252,15.913,9.789
2000-05-09,"PE_111151",1.013,0.703,,0.889,2.965,6.691,12.03,17.369,16.731,10.155
2000-05-10,"PE_111151",0.382,0.135,,0.872,3.232,7.657,12.702,17.747,17.682,9.82
2000-05-11,"PE_111151",0.432,0.229,,0.803,3.273,7.016,12.433,17.849,17.127,9.459
2000-05-12,"PE_111151",0.39,0.213,,0.751,2.876,7.178,12.207,17.236,17.766,9.605
2000-05-13,"PE_111151",0.361,0.568,,0.684,2.875,7.037,12.075,17.112,16.834,9.517
2000-05-14,"PE_111151",0.198,0.175,,0.635,2.815,6.948,11.417,15.886,16.751,9.575
2000-05-15,"PE_111151",0.058,0.003,,0.589,2.93,6.736,11.975,17.214,17.129,9.019
2000-05-16,"PE_111151",0.136,0.013,,0.554,2.952,5.688,11.591,17.495,17.64,9.066
2000-05-17,"PE_111151",0.155,0.095,,0.497,2.886,6.691,11.907,17.124,17.242,9.332
2000-05-18,"PE_111151",0.148,0.02,,0.462,2.513,6.546,11.67,16.795,14.659,9.113
2000-05-19,"PE_111151",0.219,0.086,,0.443,2.599,6.514,11.477,16.44,17.777,8.914
2000-05-20,"PE_111151",0.198,0.087,,0.43,2.693,6.473,11.999,17.524,16.126,8.897
2000-05-21,"PE_111151",0.318,0.731,,0.425,3.005,6.923,12.314,17.704,15.658,9.186
2000-05-22,"PE_111151",0.002,0,,0.422,3.079,5.625,11.944,18.262,17.227,8.534
2000-05-23,"PE_111151",0.046,0.001,,0.418,3.019,5.73,11.605,17.48,17.172,7.794
2000-05-24,"PE_111151",0.118,0.011,,0.409,3.312,5.332,11.705,18.079,18.668,7.581
2000-05-25,"PE_111151",0.001,0,,0.397,3.381,5.518,11.714,17.91,18.308,7.918
2000-05-26,"PE_111151",0.002,0,,0.39,3.392,5.17,11.577,17.984,18.989,8.298
2000-05-27,"PE_111151",0.001,0,,0.381,3.227,4.792,11.05,17.307,19.133,7.383
2000-05-28,"PE_111151",0.002,0,,0.372,3.336,4.529,10.932,17.335,18.755,7.165
2000-05-29,"PE_111151",0.002,0,,0.365,3.199,4.913,11.544,18.175,18.429,7.576
2000-05-30,"PE_111151",0.002,0,,0.354,2.977,4.741,10.858,16.975,17.326,7.683
2000-05-31,"PE_111151",0.003,0,,0.345,3.227,4.165,10.762,17.358,18.747,7.747
2000-06-01,"PE_111151",0.005,0,,0.307,2.766,5.933,11.578,17.222,16.037,8.611
2000-06-02,"PE_111151",0.001,0,,0.301,3.028,5.237,11.227,17.217,17.356,9.25
2000-06-03,"PE_111151",0.006,0,,0.298,2.993,5.352,11.422,17.492,16.304,8.366
2000-06-04,"PE_111151",0.014,0,,0.294,3.27,6.204,11.731,17.257,14.685,8.345
2000-06-05,"PE_111151",0.006,0,,0.287,2.8,6.45,11.313,16.176,13.788,8.395
2000-06-06,"PE_111151",0.004,0,,0.283,2.855,6.12,11.129,16.138,15.328,8.056
2000-06-07,"PE_111151",0.007,0,,0.277,2.722,6.788,11.23,15.672,14.363,8.643
2000-06-08,"PE_111151",0.044,0.029,,0.275,2.826,6.385,10.89,15.394,14.731,7.702
2000-06-09,"PE_111151",0.005,0,,0.273,2.971,6.308,11.36,16.413,16.287,6.894
2000-06-10,"PE_111151",0.01,0,,0.272,3.094,6.257,11.599,16.941,16.914,7.231
2000-06-11,"PE_111151",0.005,0,,0.27,3.008,5.945,11.271,16.598,15.84,7.797
2000-06-12,"PE_111151",0.012,0,,0.267,2.972,5.007,10.982,16.957,17.161,8.002
2000-06-13,"PE_111151",0.004,0,,0.261,2.914,4.132,10.442,16.752,18.058,6.853
2000-06-14,"PE_111151",0.001,0,,0.26,2.982,3.87,10.298,16.726,18.543,6.012
2000-06-15,"PE_111151",0.003,0,,0.255,3.013,3.619,9.832,16.045,18.314,5.271
2000-06-16,"PE_111151",0.015,0,,0.254,2.839,4.758,10.457,16.155,16.913,5.539
2000-06-17,"PE_111151",0.012,0,,0.254,2.638,4.536,10.07,15.603,14.712,6.593
2000-06-18,"PE_111151",0.035,0.001,,0.25,2.764,5.249,10.602,15.954,13.921,7
2000-06-19,"PE_111151",0.012,0,,0.25,2.964,4.435,10.336,16.238,16.965,6.297
2000-06-20,"PE_111151",0.031,0,,0.247,3.082,3.508,10.404,17.301,17.02,6.655
2000-06-21,"PE_111151",0.028,0,,0.243,2.98,3.501,9.862,16.222,16.802,6.012
2000-06-22,"PE_111151",0.012,0,,0.241,2.99,3.566,10.022,16.479,16.096,6.72
2000-06-23,"PE_111151",0.017,0,,0.239,3.091,3.627,10.332,17.037,16.775,7.219
2000-06-24,"PE_111151",0.016,0,,0.234,2.922,3.974,9.977,15.98,15.928,6.33
2000-06-25,"PE_111151",0.003,0,,0.232,3.009,4.481,10.491,16.5,15.628,7.298
2000-06-26,"PE_111151",0.001,0,,0.229,3.227,4.165,10.82,17.475,16.433,6.993
2000-06-27,"PE_111151",0.011,0,,0.225,3.186,4.593,10.957,17.32,17.107,6.495
2000-06-28,"PE_111151",0.019,0,,0.222,3.257,4.363,10.987,17.61,17.57,6.598
2000-06-29,"PE_111151",0.004,0,,0.219,3.274,4.548,10.887,17.225,17.639,6.648
2000-06-30,"PE_111151",0.003,0,,0.216,3.35,3.805,10.784,17.763,17.382,5.954
2000-07-01,"PE_111151",0,0,,0.19,3.273,3.67,10.668,17.665,17.727,5.687
2000-07-02,"PE_111151",0.016,0,,0.188,3.294,4.281,10.766,17.251,17.296,6.066
2000-07-03,"PE_111151",0.333,0.346,,0.188,3.015,5.654,11.216,16.777,16.069,6.847
2000-07-04,"PE_111151",0.108,0.118,,0.189,2.916,6.944,11.968,16.992,15.379,8.162
2000-07-05,"PE_111151",0.086,0.02,,0.191,2.718,6.753,11.164,15.575,14.766,8.471
2000-07-06,"PE_111151",0.005,0,,0.191,2.721,5.524,10.992,16.459,14.446,8.502
2000-07-07,"PE_111151",0.002,0,,0.191,2.907,4.238,10.327,16.416,16.085,7.601
2000-07-08,"PE_111151",0.001,0,,0.188,2.9,4.96,10.676,16.392,15.587,7.427
2000-07-09,"PE_111151",0.011,0,,0.184,2.923,5.04,10.412,15.784,15.877,7.343
2000-07-10,"PE_111151",0.012,0,,0.18,3.204,4.19,10.389,16.587,17.985,5.697
2000-07-11,"PE_111151",0.048,0.018,,0.176,3.221,4.373,10.389,16.406,17.865,6.02
2000-07-12,"PE_111151",0.015,0,,0.174,3.138,5.157,11.284,17.41,16.76,6.583
2000-07-13,"PE_111151",0.012,0,,0.173,3.032,5.756,11.255,16.754,17.154,6.976
2000-07-14,"PE_111151",0.005,0,,0.172,3.033,4.672,10.957,17.243,16.902,7.175
2000-07-15,"PE_111151",0.021,0.001,,0.17,3.169,4.053,10.472,16.89,16.903,7.274
2000-07-16,"PE_111151",0.016,0,,0.168,3.163,3.986,10.52,17.054,16.764,6.915
2000-07-17,"PE_111151",0.009,0,,0.166,3.048,2.969,9.296,15.624,17.772,6.773
2000-07-18,"PE_111151",0.002,0,,0.165,3.121,2.148,8.951,15.754,18.876,4.778
2000-07-19,"PE_111151",0.005,0,,0.164,2.763,2.544,8.503,14.463,18.431,5.925
2000-07-20,"PE_111151",0.006,0,,0.162,2.837,3.702,9.609,15.515,15.404,7.073
2000-07-21,"PE_111151",0.009,0,,0.161,2.863,4.047,9.948,15.848,17.944,6.475
2000-07-22,"PE_111151",0.01,0,,0.159,3.011,2.154,8.831,15.508,18.494,6.188
2000-07-23,"PE_111151",0.021,0.001,,0.157,2.893,3.97,9.807,15.644,16.126,6.803
2000-07-24,"PE_111151",0.101,0.142,,0.155,2.554,3.922,9.492,15.062,15.07,7.326
2000-07-25,"PE_111151",0.052,0.028,,0.155,3.143,5.809,11.161,16.514,15.641,7.906
2000-07-26,"PE_111151",0.016,0.002,,0.154,3.154,5.354,10.53,15.706,17.553,7.097
2000-07-27,"PE_111151",0.008,0,,0.153,3.315,3.927,10.257,16.587,18.197,6.533
2000-07-28,"PE_111151",0.006,0,,0.152,3.485,2.678,9.732,16.786,19.892,5.378
2000-07-29,"PE_111151",0.001,0,,0.15,3.558,2.312,9.909,17.506,19.449,5.101
2000-07-30,"PE_111151",0,0,,0.148,3.498,3.147,10.058,16.968,19.221,6.135
2000-07-31,"PE_111151",0.002,0,,0.146,3.141,2.66,9.54,16.42,17.255,7.479
2000-08-01,"PE_111151",0.009,0,,0.15,2.844,2.579,9.743,16.906,19.184,6.437
2000-08-02,"PE_111151",0.107,0.039,,0.149,2.794,3.154,9.961,16.768,19.419,5.39
2000-08-03,"PE_111151",0.028,0.002,,0.149,2.994,4.285,10.81,17.334,17.243,6.141
2000-08-04,"PE_111151",0.057,0.006,,0.149,2.362,5.29,9.864,14.438,16.564,6.409
2000-08-05,"PE_111151",0.086,0.02,,0.148,2.722,3.657,10.15,16.643,15.068,7.956
2000-08-06,"PE_111151",0.002,0,,0.148,2.754,5.99,11.351,16.711,16.897,8.29
2000-08-07,"PE_111151",0.012,0,,0.147,2.918,5.736,11.513,17.29,17.502,7.628
2000-08-08,"PE_111151",0.31,0.272,,0.146,2.734,5.663,11.32,16.978,16.423,7.485
2000-08-09,"PE_111151",1.087,2.496,,0.148,2.768,5.68,11.225,16.77,15.381,8
2000-08-10,"PE_111151",2.587,6.707,,0.155,2.67,5.965,11.285,16.606,17.089,8.199
2000-08-11,"PE_111151",0.091,0.047,,0.17,2.77,5.683,11.368,17.053,16.232,8.084
2000-08-12,"PE_111151",1.218,2.727,,0.182,2.87,6.129,11.465,16.801,16.76,8.054
2000-08-13,"PE_111151",0.378,0.351,,0.187,2.61,4.905,10.788,16.67,16.518,8.137
2000-08-14,"PE_111151",0.14,0.055,,0.187,3.021,4.829,10.712,16.594,17.454,7.844
2000-08-15,"PE_111151",0.037,0.003,,0.181,3.423,4.814,11.245,17.676,19.21,6.885
2000-08-16,"PE_111151",0.025,0.001,,0.174,3.471,3.472,10.381,17.29,20.016,6.34
2000-08-17,"PE_111151",0.014,0,,0.163,3.636,3.657,11.094,18.53,20.131,6.624
2000-08-18,"PE_111151",0.031,0.002,,0.153,3.372,4.633,11.217,17.801,19.447,6.344
2000-08-19,"PE_111151",0.026,0.001,,0.147,3.126,5.844,11.15,16.456,18.407,6.736
2000-08-20,"PE_111151",0.08,0.028,,0.14,3.425,5.836,11.688,17.54,18.891,7.328
2000-08-21,"PE_111151",0.017,0,,0.138,3.259,4.504,10.673,16.842,18.998,7.101
2000-08-22,"PE_111151",0.018,0.001,,0.136,3.279,5.253,11.415,17.577,19.213,7.039
2000-08-23,"PE_111151",0.009,0,,0.135,3.325,5.507,11.52,17.532,19.353,7.047
2000-08-24,"PE_111151",0.002,0,,0.133,3.4,4.719,11.098,17.476,19.361,7.352
2000-08-25,"PE_111151",0.004,0,,0.131,3.365,4.681,10.965,17.248,20.216,7.814
2000-08-26,"PE_111151",0.003,0,,0.13,3.095,5.541,11.233,16.924,18.651,7.812
2000-08-27,"PE_111151",0.043,0.004,,0.129,3.259,4.887,11.556,18.224,18.539,8.05
2000-08-28,"PE_111151",0.029,0.002,,0.128,3.412,6.311,12.517,18.722,19.223,8.421
2000-08-29,"PE_111151",0.026,0.001,,0.126,3.268,4.203,11.188,18.174,18.73,8.216
2000-08-30,"PE_111151",0.039,0.003,,0.126,3.151,5.115,11.459,17.802,16.692,8.126
2000-08-31,"PE_111151",0.015,0,,0.125,3.429,4.693,11.321,17.949,20.883,6.665
2000-09-01,"PE_111151",0.169,0.038,,0.131,3.265,4.96,11.668,18.377,20.797,6.633
2000-09-02,"PE_111151",0.077,0.009,,0.131,3.297,3.881,11.082,18.283,21.821,6.898
2000-09-03,"PE_111151",0.137,0.027,,0.131,3.285,3.146,10.076,17.006,22.13,6.077
2000-09-04,"PE_111151",0.094,0.013,,0.131,3.465,2.998,11.25,19.502,21.439,5.387
2000-09-05,"PE_111151",0.167,0.038,,0.131,3.497,3.44,11.407,19.374,22.477,5.529
2000-09-06,"PE_111151",0.07,0.007,,0.131,2.86,4.578,11.458,18.338,21.168,5.918
2000-09-07,"PE_111151",0.003,0,,0.13,3.235,4.26,11.561,18.862,22.133,5.655
2000-09-08,"PE_111151",0.011,0,,0.128,3.478,3.716,11.226,18.736,21.851,4.894
2000-09-09,"PE_111151",0.031,0.003,,0.126,3.424,4.337,10.9,17.462,20.884,5.005
2000-09-10,"PE_111151",0.064,0.008,,0.123,2.785,6.329,11.221,16.113,18.085,6.515
2000-09-11,"PE_111151",0.107,0.016,,0.122,3.552,4.466,11.562,18.658,22.611,5.746
2000-09-12,"PE_111151",0.173,0.043,,0.121,3.374,4.954,11.952,18.95,20.55,5.869
2000-09-13,"PE_111151",0.141,0.031,,0.12,3.024,5.795,11.666,17.538,19.896,6.838
2000-09-14,"PE_111151",0.056,0.006,,0.121,3.25,5.092,11.391,17.689,19.395,7.266
2000-09-15,"PE_111151",0.13,0.035,,0.121,2.87,5.846,11.918,17.989,15.428,8.128
2000-09-16,"PE_111151",0.363,0.293,,0.121,2.867,6.363,11.805,17.247,15.141,9.455
2000-09-17,"PE_111151",0.148,0.038,,0.122,3.326,5.473,11.364,17.256,19.677,8.698
2000-09-18,"PE_111151",0.579,0.551,,0.123,3.373,4.48,11.082,17.685,19.829,7.839
2000-09-19,"PE_111151",2.22,5.443,,0.128,3.109,5.098,11.403,17.707,17.371,8.371
2000-09-20,"PE_111151",0.527,0.612,,0.139,3.095,6.337,12.034,17.732,20,8.67
2000-09-21,"PE_111151",1.165,3.814,,0.148,3.289,6.224,12.313,18.402,19.942,8.885
2000-09-22,"PE_111151",2.229,11.6,,0.155,3.148,6.987,12.037,17.087,19.486,8.92
2000-09-23,"PE_111151",1.23,4.041,,0.165,2.895,6.533,12.011,17.488,13.832,9.656
2000-09-24,"PE_111151",0.322,0.202,,0.175,3.422,4.791,11.795,18.798,18.343,8.306
2000-09-25,"PE_111151",1.667,6.769,,0.18,2.949,5.621,11.566,17.511,18.255,8.714
2000-09-26,"PE_111151",0.755,0.839,,0.18,3.178,6.942,12.839,18.735,18.336,8.734
2000-09-27,"PE_111151",0.995,1.366,,0.179,3.255,6.25,12.556,18.862,19.094,7.641
2000-09-28,"PE_111151",1.482,2.438,,0.176,3.095,6.289,12.379,18.468,14.128,8.412
2000-09-29,"PE_111151",0.555,0.238,,0.174,3.158,5.346,11.29,17.234,17.384,8.46
2000-09-30,"PE_111151",0.223,0.089,,0.171,3.487,5.686,11.871,18.055,21.417,8.189
2000-10-01,"PE_111151",0.237,0.043,,0.162,3.77,5.597,11.882,18.167,21.558,8.01
2000-10-02,"PE_111151",0.475,0.677,,0.154,3.504,4.754,11.603,18.451,22.5,7.554
2000-10-03,"PE_111151",0.644,0.665,,0.149,3.403,4.744,11.499,18.255,20.512,8.146
2000-10-04,"PE_111151",2.877,9.078,,0.148,3.487,4.822,11.336,17.85,19.338,8.443
2000-10-05,"PE_111151",1.89,2.508,,0.155,3.504,4.989,11.677,18.364,21.617,8.237
2000-10-06,"PE_111151",2.284,3.962,,0.172,3.407,5.852,12.394,18.937,18.375,8.872
2000-10-07,"PE_111151",1.786,2.456,,0.196,3.306,6.027,11.393,16.759,17.548,9.587
2000-10-08,"PE_111151",4.702,17.327,,0.211,2.908,6.492,11.189,15.885,16.632,9.809
2000-10-09,"PE_111151",2.139,1.824,,0.227,3.614,6.528,12.13,17.731,17.754,9.189
2000-10-10,"PE_111151",4.143,3.63,,0.244,3.086,6.879,11.622,16.365,17.765,9.598
2000-10-11,"PE_111151",5.01,13.218,,0.262,3.201,7.049,11.931,16.814,18.894,9.503
2000-10-12,"PE_111151",2.066,2.987,,0.28,3.373,6.589,12.017,17.445,20.592,9.175
2000-10-13,"PE_111151",2.729,4.971,,0.294,3.279,5.124,11.176,17.227,19.714,8.795
2000-10-14,"PE_111151",4.014,16.165,,0.303,3.7,5.553,11.763,17.974,19.996,8.783
2000-10-15,"PE_111151",1.556,2.892,,0.304,3.614,6.67,11.767,16.864,20.565,9.136
2000-10-16,"PE_111151",0.3,0.145,,0.303,3.64,5.629,11.662,17.694,19.961,8.957
2000-10-17,"PE_111151",0.305,0.193,,0.282,3.867,6.504,12.657,18.809,20.149,8.843
2000-10-18,"PE_111151",0.259,0.063,,0.26,3.928,7.325,12.905,18.484,21.484,9.028
2000-10-19,"PE_111151",0.882,0.715,,0.23,3.195,7.217,12.292,17.367,18.02,9.545
2000-10-20,"PE_111151",0.813,0.824,,0.212,3.419,7.03,12.271,17.512,19.082,9.903
2000-10-21,"PE_111151",0.167,0.036,,0.193,3.321,6.408,12.447,18.485,19.574,10.233
2000-10-22,"PE_111151",0.452,0.215,,0.172,3.754,5.738,12.14,18.542,22.799,9.156
2000-10-23,"PE_111151",0.326,0.109,,0.159,3.917,4.676,12.175,19.673,24.492,7.985
2000-10-24,"PE_111151",0.534,0.409,,0.152,3.798,5.426,12.437,19.448,20.883,8.204
2000-10-25,"PE_111151",0.259,0.093,,0.148,3.404,5.034,11.483,17.933,24.268,7.449
2000-10-26,"PE_111151",2.783,7.089,,0.148,3.356,5.28,11.695,18.109,23.348,6.391
2000-10-27,"PE_111151",0.748,1.012,,0.157,3.515,5.301,11.676,18.05,27.16,5.288
2000-10-28,"PE_111151",0.322,0.083,,0.172,3.648,4.926,12.259,19.592,27.518,4.123
2000-10-29,"PE_111151",0.113,0.011,,0.178,3.663,5.683,12.548,19.413,24.963,5.666
2000-10-30,"PE_111151",0.005,0,,0.168,3.821,6.378,13.161,19.944,23.194,7.665
2000-10-31,"PE_111151",0.017,0.001,,0.153,3.59,5.348,12.541,19.734,22.133,8.059
2000-11-01,"PE_111151",0.026,0.001,,0.135,4.118,5.181,12.146,19.111,24.531,7.299
2000-11-02,"PE_111151",0.31,0.064,,0.123,4.48,4.953,12.457,19.961,26.904,6.161
2000-11-03,"PE_111151",0.009,0,,0.111,4.204,4.141,12.095,20.049,27.573,5.032
2000-11-04,"PE_111151",0.015,0,,0.104,4.052,3.453,11.63,19.807,27.554,4.273
2000-11-05,"PE_111151",0.199,0.026,,0.098,3.996,3.377,11.565,19.753,27.976,3.973
2000-11-06,"PE_111151",0.024,0.001,,0.094,3.993,3.041,11.292,19.543,27.908,3.822
2000-11-07,"PE_111151",0.015,0,,0.089,4.111,2.916,11.049,19.182,27.996,4.142
2000-11-08,"PE_111151",0.02,0,,0.086,4.223,2.769,11.151,19.534,26.966,4.135
2000-11-09,"PE_111151",0.026,0.001,,0.083,4.199,2.577,11.281,19.986,26.752,4.696
2000-11-10,"PE_111151",0.195,0.025,,0.081,4.149,2.773,11.398,20.022,27.203,5.573
2000-11-11,"PE_111151",0.023,0.001,,0.081,3.799,3.292,11.3,19.308,26.727,5.877
2000-11-12,"PE_111151",0.296,0.056,,0.081,4.004,3.361,11.585,19.808,26.406,6.109
2000-11-13,"PE_111151",1.041,0.876,,0.085,4.059,2.674,11.101,19.529,27.358,6.31
2000-11-14,"PE_111151",0.026,0.001,,0.096,3.931,2.43,10.937,19.445,27.053,6.184
2000-11-15,"PE_111151",0.42,0.121,,0.103,3.706,3.54,11.433,19.327,26.928,4.917
2000-11-16,"PE_111151",0.02,0,,0.107,3.049,4.546,11.496,18.445,19.367,5.878
2000-11-17,"PE_111151",0.367,0.109,,0.105,3.128,6.6,12.406,18.211,15.213,6.9
2000-11-18,"PE_111151",0.734,1.098,,0.104,3.807,6.597,12.942,19.287,18.431,7.046
2000-11-19,"PE_111151",0.057,0.003,,0.107,4.012,5.296,12.808,20.32,21.025,8.128
2000-11-20,"PE_111151",0.02,0.001,,0.107,4.158,5.737,13.143,20.55,21.047,8.54
2000-11-21,"PE_111151",0.069,0.006,,0.104,3.93,5.303,12.726,20.148,20.098,8.703
2000-11-22,"PE_111151",0.767,1.034,,0.1,3.001,7.074,12.591,18.108,14.991,8.367
2000-11-23,"PE_111151",0.892,0.73,,0.101,2.668,6.907,11.385,15.863,18.325,8.31
2000-11-24,"PE_111151",2.17,3.78,,0.111,3.625,7.083,12.666,18.249,19.331,8.047
2000-11-25,"PE_111151",1.875,3.804,,0.133,3.762,7.858,13.366,18.875,20.84,8.873
2000-11-26,"PE_111151",4.976,19.795,,0.152,3.577,7.56,13.283,19.005,19.579,9.63
2000-11-27,"PE_111151",4.085,14.679,,0.198,3.032,7.557,12.76,17.962,17.608,9.754
2000-11-28,"PE_111151",1.53,3.023,,0.236,2.725,7.575,12.242,16.909,15.069,10.467
2000-11-29,"PE_111151",2.451,4.434,,0.261,3.279,7.918,12.826,17.733,19.408,10.264
2000-11-30,"PE_111151",3.076,16.414,,0.273,3.18,8.328,12.458,16.588,19.157,10.359
2000-12-01,"PE_111151",2.272,3.111,,0.274,3.546,7.324,12.556,17.788,17.56,10.112
2000-12-02,"PE_111151",2.853,5.292,,0.28,3.215,6.673,11.863,17.053,17.528,9.426
2000-12-03,"PE_111151",3.261,6.412,,0.286,3.231,6.541,11.689,16.837,16.192,10.082
2000-12-04,"PE_111151",3.551,1.81,,0.297,2.881,6.774,11.395,16.015,14.29,9.902
2000-12-05,"PE_111151",0.347,0.095,,0.309,3.419,6.467,11.675,16.883,19.177,9.964
2000-12-06,"PE_111151",0.305,0.069,,0.298,3.027,6.184,11.254,16.324,21.345,9.007
2000-12-07,"PE_111151",1.814,2.762,,0.266,3.359,6.791,11.972,17.154,22.101,8.694
2000-12-08,"PE_111151",4.757,10.181,,0.244,2.757,6.942,10.954,14.965,16.628,9.249
2000-12-09,"PE_111151",3.931,4.699,,0.255,3.083,7.604,11.519,15.433,16.731,9.98
2000-12-10,"PE_111151",7.947,21.31,,0.308,3.22,8.018,12.417,16.817,16.09,9.781
2000-12-11,"PE_111151",0.46,0.161,,0.397,3.822,6.88,12.196,17.513,22.288,9.137
2000-12-12,"PE_111151",0.219,0.041,,0.438,4.601,6.126,12.732,19.337,26.877,8.04
2000-12-13,"PE_111151",0.244,0.033,,0.41,4.145,4.737,12.212,19.687,27.251,7.174
2000-12-14,"PE_111151",0.367,0.095,,0.334,4.33,4.77,11.856,18.942,25.04,7.949
2000-12-15,"PE_111151",1.451,2.693,,0.263,3.621,4.705,11.271,17.837,22.316,8.682
2000-12-16,"PE_111151",1.937,0.888,,0.224,3.32,5.477,11.194,16.912,18.355,8.948
2000-12-17,"PE_111151",5.434,12.218,,0.218,2.935,6.316,11.321,16.326,18.529,9.12
2000-12-18,"PE_111151",3.146,3.022,,0.25,3.192,7.057,12.081,17.105,15.582,9.467
2000-12-19,"PE_111151",1.194,0.685,,0.298,3.544,6.204,11.797,17.391,21.104,8.769
2000-12-20,"PE_111151",5.102,17.248,,0.336,3.241,6.526,11.48,16.434,17.488,9.657
2000-12-21,"PE_111151",1.526,1.844,,0.357,4.021,6.015,11.785,17.554,22.891,8.902
2000-12-22,"PE_111151",2.931,4.915,,0.394,4.454,6.64,12.102,17.565,23.698,9.229
2000-12-23,"PE_111151",2.61,3.416,,0.397,3.583,7.164,11.957,16.751,21.621,9.514
2000-12-24,"PE_111151",1.804,2.995,,0.397,3.984,7.053,12.778,18.502,22.57,9.517
2000-12-25,"PE_111151",3.191,14.492,,0.384,4.22,6.216,12.65,19.085,22.053,9.478
2000-12-26,"PE_111151",3.037,7.897,,0.376,4.001,6.522,12.829,19.136,21.061,10.06
2000-12-27,"PE_111151",8.079,15.811,,0.41,3.177,7.112,11.608,16.103,16.955,9.836
2000-12-28,"PE_111151",8.916,23.319,,0.524,3.128,7.973,11.788,15.603,14.465,10.455
2000-12-29,"PE_111151",10.321,48.951,,0.694,2.536,8.026,11.268,14.51,14.652,10.853
2000-12-30,"PE_111151",4.055,8.736,,0.923,2.457,7.692,11.267,14.843,14.153,10.793
2000-12-31,"PE_111151",5.335,16.876,,1.231,2.698,7.249,11.353,15.458,16.289,10.567
