"date","prec","prec_var","flow_obs","flow_sim","pet","tmin","tmean","tmax","srad","vprp"
2000-01-01,5.22,11.208,,0.342,2.53,7.391,11.846,16.302,17.458,10.294
2000-01-02,3.822,9.01,,0.409,2.789,7.434,11.672,15.91,16.733,9.931
2000-01-03,11.754,29.76,,0.545,2.706,6.361,11.269,16.177,18.143,9.377
2000-01-04,3.977,3.6,,0.701,2.69,6.529,11.481,16.433,14.381,9.827
2000-01-05,6.504,14.405,,0.824,2.223,6.847,10.773,14.699,14.262,9.064
2000-01-06,7.374,11.923,,0.954,2.74,6.021,10.184,14.346,14.425,8.098
2000-01-07,4.611,11.714,,1.072,3.027,5.882,10.187,14.492,13.779,8.657
2000-01-08,3.747,4.703,,1.117,3.4,5.962,10.756,15.55,16.749,9.067
2000-01-09,3.572,6.766,,1.078,3.307,5.906,11.076,16.246,16.29,9.734
2000-01-10,3.974,8.566,,0.988,2.695,6.922,11.336,15.751,13.299,10.195
2000-01-11,3.697,5.549,,0.916,2.633,6.734,11.013,15.292,12.317,9.94
2000-01-12,9.323,37.352,,0.883,2.951,7.106,11.442,15.778,12.275,10.054
2000-01-13,1.566,2.151,,0.916,2.586,7.877,11.217,14.557,14.329,10.116
2000-01-14,0.609,0.101,,0.929,3.459,6.488,11.474,16.46,23.559,9.214
2000-01-15,0.64,0.106,,0.82,3.818,6.047,11.371,16.695,24.529,8.033
2000-01-16,0.705,0.112,,0.701,3.108,5.509,10.296,15.084,19.124,8.594
2000-01-17,7.04,27.671,,0.58,2.721,6.125,10.365,14.604,13.947,8.881
2000-01-18,1.741,1.81,,0.555,3.256,7.397,11.406,15.415,18.844,8.79
2000-01-19,5.802,8.79,,0.588,2.922,7.877,11.46,15.043,14.509,10.128
2000-01-20,4.457,3.701,,0.65,3.093,8.396,11.869,15.342,16.035,10.386
2000-01-21,1.199,0.357,,0.718,3.445,7.652,12.15,16.648,17.246,10.449
2000-01-22,1.296,0.817,,0.718,3.27,7.622,12.236,16.851,19.119,10.655
2000-01-23,3.504,2.88,,0.659,2.884,8.295,11.73,15.164,15.688,11.02
2000-01-24,3.884,7.282,,0.621,3.13,7.995,12.568,17.141,16.773,10.286
2000-01-25,1.172,0.367,,0.608,2.667,8.305,11.883,15.46,16.08,10
2000-01-26,7.869,10.172,,0.615,2.535,8.127,11.353,14.58,15.577,9.924
2000-01-27,16.933,29.379,,0.735,2.59,8.223,11.405,14.586,11.49,10.159
2000-01-28,5.55,5.154,,1.105,2.668,8.249,11.623,14.996,14.361,10.277
2000-01-29,3.526,2.735,,1.353,2.459,8.251,11.443,14.635,13.396,10.359
2000-01-30,6.259,9.167,,1.394,2.523,7.694,11.124,14.554,12.73,9.785
2000-01-31,11.359,23.166,,1.406,2.679,7.703,11.516,15.328,11.343,9.884
2000-02-01,4.863,2.121,,1.561,2.658,7.866,11.337,14.809,16.81,9.746
2000-02-02,7.63,6.828,,1.619,3.458,7.665,11.98,16.296,18.341,10.161
2000-02-03,15.301,21.549,,1.701,3.011,7.884,11.998,16.112,15.859,10.679
2000-02-04,1.702,1.152,,1.856,2.903,7.699,11.734,15.77,15.371,10.487
2000-02-05,0.843,0.173,,1.892,3.103,7.559,12,16.441,16.213,10.49
2000-02-06,0.649,0.219,,1.691,2.915,7.629,11.474,15.32,16.288,9.841
2000-02-07,2.076,0.765,,1.425,3.365,7.956,12.302,16.648,15.974,10.127
2000-02-08,2.981,1.842,,1.123,3.391,8.04,12.462,16.885,19.138,10.094
2000-02-09,2.75,2.481,,0.87,3.48,8.019,11.777,15.535,16.841,9.757
2000-02-10,0.505,0.044,,0.771,2.951,7.421,11.124,14.827,15.645,9.388
2000-02-11,0.164,0.005,,0.68,3.406,6.303,11.191,16.079,19.975,9.539
2000-02-12,0.207,0.02,,0.559,3.717,6.52,11.791,17.062,24.248,8.461
2000-02-13,0.596,0.111,,0.41,3.345,5.813,11.083,16.353,21.516,8.579
2000-02-14,3.118,4.635,,0.324,2.314,6.952,11.103,15.255,14.193,9.65
2000-02-15,12.047,17.127,,0.376,3.349,7.24,11.794,16.348,14.54,9.853
2000-02-16,12.406,17.412,,0.68,2.372,7,10.623,14.245,12.146,9.529
2000-02-17,9.026,9.483,,1.162,2.638,6.606,10.543,14.48,14.725,9.419
2000-02-18,10.845,11.64,,1.538,2.838,7.054,10.779,14.503,15.199,9.659
2000-02-19,4.589,3.361,,1.797,3.109,7.106,11.144,15.183,16.447,9.85
2000-02-20,6.513,10.391,,1.93,2.817,7.388,11.156,14.925,14.568,10.167
2000-02-21,11.647,12.657,,1.936,2.449,7.278,10.674,14.07,13.751,10.183
2000-02-22,8.959,6.082,,1.964,2.749,7.394,10.856,14.318,14.307,9.936
2000-02-23,6.075,8.426,,2.063,2.651,7.565,11.404,15.243,13.714,9.847
2000-02-24,7.576,13.318,,2.089,2.738,7.469,11.265,15.062,13.692,10.267
2000-02-25,10.788,6.795,,2.089,2.736,7.517,10.809,14.102,12.517,10.251
2000-02-26,8.522,10.855,,2.132,3.064,7.49,11.272,15.054,14.061,10.133
2000-02-27,6.197,6.766,,2.181,3.087,7.47,11.614,15.759,13.728,10.401
2000-02-28,7.26,4.346,,2.175,2.555,7.866,11.154,14.441,13.531,10.815
2000-02-29,5.451,2.496,,2.117,3.051,7.604,11.412,15.22,16.73,10.319
2000-03-01,9.835,12.237,,2.168,3.13,7.973,12.01,16.047,16.243,10.722
2000-03-02,7.38,7.908,,2.155,3.056,8.21,12.221,16.233,14.782,11.198
2000-03-03,3.952,3.959,,2.155,2.919,7.96,12.275,16.589,15.507,10.904
2000-03-04,2.848,1.537,,2.084,2.458,8.331,11.706,15.082,13.458,11.029
2000-03-05,5.055,9.405,,1.917,2.393,8.598,11.663,14.727,12.083,11.241
2000-03-06,11.57,15.453,,1.812,3.162,8.501,12.115,15.728,16.438,10.892
2000-03-07,5.708,9.833,,1.847,2.444,8.394,11.366,14.339,11.294,10.762
2000-03-08,5.979,4.797,,1.944,2.879,8.337,11.524,14.711,13.702,10.365
2000-03-09,3.755,2.907,,1.953,2.683,8.459,11.364,14.27,11.93,10.245
2000-03-10,2.411,2.78,,1.858,2.926,8.2,11.9,15.6,13.188,10.331
2000-03-11,1.917,1.68,,1.702,2.65,7.536,11.29,15.044,13.746,10.246
2000-03-12,1.702,0.732,,1.525,2.989,7.821,11.143,14.465,15.898,10.137
2000-03-13,1.651,0.518,,1.339,2.936,7.916,11.595,15.274,17.455,9.796
2000-03-14,1.593,1.211,,1.149,3.169,7.378,11.763,16.148,18.711,10.142
2000-03-15,2.725,3.354,,1.007,2.782,7.84,11.231,14.623,15.799,10.179
2000-03-16,1.924,3.099,,0.938,3.087,7.387,11.874,16.36,15.797,9.981
2000-03-17,0.888,0.571,,0.879,2.413,6.711,10.455,14.199,17.363,7.785
2000-03-18,2.947,7.774,,0.831,2.815,6.604,10.871,15.138,14.348,9.019
2000-03-19,0.754,0.309,,0.806,3.03,7.101,11.492,15.883,14.837,10.265
2000-03-20,3.415,5.118,,0.794,2.878,6.976,11.174,15.373,14.86,9.776
2000-03-21,2.485,3.183,,0.8,2.536,7.729,11.027,14.325,13.947,10.169
2000-03-22,0.874,0.233,,0.82,3.56,7.248,11.701,16.155,19.386,9.391
2000-03-23,7.554,12.532,,0.855,2.658,7.973,11.644,15.314,17.723,9.507
2000-03-24,5.701,3.998,,0.955,2.259,7.868,10.68,13.492,13.503,10.229
2000-03-25,0.696,0.534,,1.075,3.12,7.538,11.156,14.773,14.995,10.101
2000-03-26,1.089,1.524,,1.127,3.749,6.809,11.425,16.04,18.586,9.409
2000-03-27,1.221,0.635,,1.064,3.281,6.424,11.318,16.212,17.659,9.652
2000-03-28,2.519,3.539,,0.981,3.252,6.95,11.107,15.265,16.683,9.645
2000-03-29,7.151,10.354,,0.952,3.204,7.725,11.461,15.197,19.28,9.715
2000-03-30,3.769,5.544,,1.003,3.329,7.031,11.763,16.495,15.457,10.645
2000-03-31,7.977,8.831,,1.12,2.909,7.954,11.371,14.788,14.434,10.351
2000-04-01,3.453,5.725,,1.367,3.108,7.638,11.479,15.319,12.872,10.465
2000-04-02,0.542,0.126,,1.458,3.378,7.407,11.321,15.236,17.217,9.964
2000-04-03,2.057,1.249,,1.431,3.052,7.126,11.374,15.621,12.799,9.617
2000-04-04,2.203,1.223,,1.282,2.654,7.644,11.263,14.883,15.808,10.157
2000-04-05,1.258,0.375,,1.159,2.354,7.654,10.969,14.285,13.593,10.08
2000-04-06,0.703,0.403,,1.065,2.757,7.38,11.34,15.3,14.674,10.236
2000-04-07,0.535,0.106,,0.962,3.091,7.43,11.898,16.367,16.051,10.091
2000-04-08,1.019,0.284,,0.859,3.244,7.694,11.89,16.086,16.809,9.821
2000-04-09,4.354,11.581,,0.802,2.994,7.867,11.637,15.407,14.537,10.407
2000-04-10,0.956,0.769,,0.831,2.97,7.061,11.505,15.948,15.966,10.791
2000-04-11,0.656,0.382,,0.862,3.492,7.304,11.78,16.256,14.995,10.036
2000-04-12,0.473,0.136,,0.85,3.34,6.391,11.311,16.232,17.246,9.344
2000-04-13,2.215,2.697,,0.8,3.187,7.169,11.726,16.284,16.06,9.904
2000-04-14,2.448,4.478,,0.783,2.697,5.743,10.832,15.922,15.79,9.772
2000-04-15,1.333,0.517,,0.79,2.924,6.31,11.137,15.964,16.276,9.821
2000-04-16,1.773,1.784,,0.805,2.594,7.763,11.411,15.059,15.608,10.357
2000-04-17,1.833,1.885,,0.82,2.611,7.359,11.576,15.793,14.938,10.311
2000-04-18,0.866,0.62,,0.822,2.726,6.648,11.398,16.148,13.771,10.887
2000-04-19,0.75,0.379,,0.799,2.626,6.322,10.902,15.481,15.334,10.531
2000-04-20,0.68,1.249,,0.756,2.476,7.68,11.806,15.932,14.305,10.48
2000-04-21,1.52,3.206,,0.726,2.893,7.72,12.1,16.479,14.775,10.65
2000-04-22,1.482,0.998,,0.713,2.951,7.123,11.911,16.698,17.931,10.087
2000-04-23,0.289,0.053,,0.711,2.749,7.043,11.455,15.867,14.633,10.113
2000-04-24,0.719,0.149,,0.684,2.897,7.116,11.499,15.882,16.773,10.234
2000-04-25,0.452,0.084,,0.663,2.7,7.439,12.185,16.932,15.479,10.508
2000-04-26,1.228,1.392,,0.637,3.019,6.473,11.807,17.142,14.833,10.579
2000-04-27,0.809,0.477,,0.634,2.803,7.5,12.087,16.675,16.263,10.206
2000-04-28,0.367,0.127,,0.632,3.091,7.468,12.086,16.705,15.318,10.009
2000-04-29,0.42,0.176,,0.62,3.092,6.893,12.105,17.316,16.982,9.751
2000-04-30,0.247,0.074,,0.604,2.978,6.447,11.963,17.48,16.638,9.93
2000-05-01,0.055,0.004,,0.649,3.341,7.71,12.802,17.894,16.422,10.193
2000-05-02,0.385,0.409,,0.608,3.282,6.525,12.215,17.905,16.372,9.828
2000-05-03,1.248,2.171,,0.586,3.126,7.326,12.378,17.429,17.752,9.619
2000-05-04,4.502,14.869,,0.614,2.625,6.775,11.451,16.127,14.901,9.8
2000-05-05,0.802,0.792,,0.722,2.942,7.306,12.185,17.064,16.725,9.783
2000-05-06,2.414,7.343,,0.823,2.753,7.405,12,16.596,16.386,9.867
2000-05-07,1.199,1.459,,0.889,3.051,7.723,12.609,17.495,16.365,9.911
2000-05-08,1.631,0.969,,0.89,2.983,7.291,12.271,17.252,15.913,9.789
2000-05-09,1.013,0.703,,0.889,2.965,6.691,12.03,17.369,16.731,10.155
2000-05-10,0.382,0.135,,0.872,3.232,7.657,12.702,17.747,17.682,9.82
2000-05-11,0.432,0.229,,0.803,3.273,7.016,12.433,17.849,17.127,9.459
2000-05-12,0.39,0.213,,0.751,2.876,7.178,12.207,17.236,17.766,9.605
2000-05-13,0.361,0.568,,0.684,2.875,7.037,12.075,17.112,16.834,9.517
2000-05-14,0.198,0.175,,0.635,2.815,6.948,11.417,15.886,16.751,9.575
2000-05-15,0.058,0.003,,0.589,2.93,6.736,11.975,17.214,17.129,9.019
2000-05-16,0.136,0.013,,0.554,2.952,5.688,11.591,17.495,17.64,9.066
2000-05-17,0.155,0.095,,0.497,2.886,6.691,11.907,17.124,17.242,9.332
2000-05-18,0.148,0.02,,0.462,2.513,6.546,11.67,16.795,14.659,9.113
2000-05-19,0.219,0.086,,0.443,2.599,6.514,11.477,16.44,17.777,8.914
2000-05-20,0.198,0.087,,0.43,2.693,6.473,11.999,17.524,16.126,8.897
2000-05-21,0.318,0.731,,0.425,3.005,6.923,12.314,17.704,15.658,9.186
2000-05-22,0.002,0,,0.422,3.079,5.625,11.944,18.262,17.227,8.534
2000-05-23,0.046,0.001,,0.418,3.019,5.73,11.605,17.48,17.172,7.794
2000-05-24,0.118,0.011,,0.409,3.312,5.332,11.705,18.079,18.668,7.581
2000-05-25,0.001,0,,0.397,3.381,5.518,11.714,17.91,18.308,7.918
2000-05-26,0.002,0,,0.39,3.392,5.17,11.577,17.984,18.989,8.298
2000-05-27,0.001,0,,0.381,3.227,4.792,11.05,17.307,19.133,7.383
2000-05-28,0.002,0,,0.372,3.336,4.529,10.932,17.335,18.755,7.165
2000-05-29,0.002,0,,0.365,3.199,4.913,11.544,18.175,18.429,7.576
2000-05-30,0.002,0,,0.354,2.977,4.741,10.858,16.975,17.326,7.683
2000-05-31,0.003,0,,0.345,3.227,4.165,10.762,17.358,18.747,7.747
2000-06-01,0.005,0,,0.307,2.766,5.933,11.578,17.222,16.037,8.611
2000-06-02,0.001,0,,0.301,3.028,5.237,11.227,17.217,17.356,9.25
2000-06-03,0.006,0,,0.298,2.993,5.352,11.422,17.492,16.304,8.366
2000-06-04,0.014,0,,0.294,3.27,6.204,11.731,17.257,14.685,8.345
2000-06-05,0.006,0,,0.287,2.8,6.45,11.313,16.176,13.788,8.395
2000-06-06,0.004,0,,0.283,2.855,6.12,11.129,16.138,15.328,8.056
2000-06-07,0.007,0,,0.277,2.722,6.788,11.23,15.672,14.363,8.643
2000-06-08,0.044,0.029,,0.275,2.826,6.385,10.89,15.394,14.731,7.702
2000-06-09,0.005,0,,0.273,2.971,6.308,11.36,16.413,16.287,6.894
2000-06-10,0.01,0,,0.272,3.094,6.257,11.599,16.941,16.914,7.231
2000-06-11,0.005,0,,0.27,3.008,5.945,11.271,16.598,15.84,7.797
2000-06-12,0.012,0,,0.267,2.972,5.007,10.982,16.957,17.161,8.002
2000-06-13,0.004,0,,0.261,2.914,4.132,10.442,16.752,18.058,6.853
2000-06-14,0.001,0,,0.26,2.982,3.87,10.298,16.726,18.543,6.012
2000-06-15,0.003,0,,0.255,3.013,3.619,9.832,16.045,18.314,5.271
2000-06-16,0.015,0,,0.254,2.839,4.758,10.457,16.155,16.913,5.539
2000-06-17,0.012,0,,0.254,2.638,4.536,10.07,15.603,14.712,6.593
2000-06-18,0.035,0.001,,0.25,2.764,5.249,10.602,15.954,13.921,7
2000-06-19,0.012,0,,0.25,2.964,4.435,10.336,16.238,16.965,6.297
2000-06-20,0.031,0,,0.247,3.082,3.508,10.404,17.301,17.02,6.655
2000-06-21,0.028,0,,0.243,2.98,3.501,9.862,16.222,16.802,6.012
2000-06-22,0.012,0,,0.241,2.99,3.566,10.022,16.479,16.096,6.72
2000-06-23,0.017,0,,0.239,3.091,3.627,10.332,17.037,16.775,7.219
2000-06-24,0.016,0,,0.234,2.922,3.974,9.977,15.98,15.928,6.33
2000-06-25,0.003,0,,0.232,3.009,4.481,10.491,16.5,15.628,7.298
2000-06-26,0.001,0,,0.229,3.227,4.165,10.82,17.475,16.433,6.993
2000-06-27,0.011,0,,0.225,3.186,4.593,10.957,17.32,17.107,6.495
2000-06-28,0.019,0,,0.222,3.257,4.363,10.987,17.61,17.57,6.598
2000-06-29,0.004,0,,0.219,3.274,4.548,10.887,17.225,17.639,6.648
2000-06-30,0.003,0,,0.216,3.35,3.805,10.784,17.763,17.382,5.954
2000-07-01,0,0,,0.19,3.273,3.67,10.668,17.665,17.727,5.687
2000-07-02,0.016,0,,0.188,3.294,4.281,10.766,17.251,17.296,6.066
2000-07-03,0.333,0.346,,0.188,3.015,5.654,11.216,16.777,16.069,6.847
2000-07-04,0.108,0.118,,0.189,2.916,6.944,11.968,16.992,15.379,8.162
2000-07-05,0.086,0.02,,0.191,2.718,6.753,11.164,15.575,14.766,8.471
2000-07-06,0.005,0,,0.191,2.721,5.524,10.992,16.459,14.446,8.502
2000-07-07,0.002,0,,0.191,2.907,4.238,10.327,16.416,16.085,7.601
2000-07-08,0.001,0,,0.188,2.9,4.96,10.676,16.392,15.587,7.427
2000-07-09,0.011,0,,0.184,2.923,5.04,10.412,15.784,15.877,7.343
2000-07-10,0.012,0,,0.18,3.204,4.19,10.389,16.587,17.985,5.697
2000-07-11,0.048,0.018,,0.176,3.221,4.373,10.389,16.406,17.865,6.02
2000-07-12,0.015,0,,0.174,3.138,5.157,11.284,17.41,16.76,6.583
2000-07-13,0.012,0,,0.173,3.032,5.756,11.255,16.754,17.154,6.976
2000-07-14,0.005,0,,0.172,3.033,4.672,10.957,17.243,16.902,7.175
2000-07-15,0.021,0.001,,0.17,3.169,4.053,10.472,16.89,16.903,7.274
2000-07-16,0.016,0,,0.168,3.163,3.986,10.52,17.054,16.764,6.915
2000-07-17,0.009,0,,0.166,3.048,2.969,9.296,15.624,17.772,6.773
2000-07-18,0.002,0,,0.165,3.121,2.148,8.951,15.754,18.876,4.778
2000-07-19,0.005,0,,0.164,2.763,2.544,8.503,14.463,18.431,5.925
2000-07-20,0.006,0,,0.162,2.837,3.702,9.609,15.515,15.404,7.073
2000-07-21,0.009,0,,0.161,2.863,4.047,9.948,15.848,17.944,6.475
2000-07-22,0.01,0,,0.159,3.011,2.154,8.831,15.508,18.494,6.188
2000-07-23,0.021,0.001,,0.157,2.893,3.97,9.807,15.644,16.126,6.803
2000-07-24,0.101,0.142,,0.155,2.554,3.922,9.492,15.062,15.07,7.326
2000-07-25,0.052,0.028,,0.155,3.143,5.809,11.161,16.514,15.641,7.906
2000-07-26,0.016,0.002,,0.154,3.154,5.354,10.53,15.706,17.553,7.097
2000-07-27,0.008,0,,0.153,3.315,3.927,10.257,16.587,18.197,6.533
2000-07-28,0.006,0,,0.152,3.485,2.678,9.732,16.786,19.892,5.378
2000-07-29,0.001,0,,0.15,3.558,2.312,9.909,17.506,19.449,5.101
2000-07-30,0,0,,0.148,3.498,3.147,10.058,16.968,19.221,6.135
2000-07-31,0.002,0,,0.146,3.141,2.66,9.54,16.42,17.255,7.479
2000-08-01,0.009,0,,0.15,2.844,2.579,9.743,16.906,19.184,6.437
2000-08-02,0.107,0.039,,0.149,2.794,3.154,9.961,16.768,19.419,5.39
2000-08-03,0.028,0.002,,0.149,2.994,4.285,10.81,17.334,17.243,6.141
2000-08-04,0.057,0.006,,0.149,2.362,5.29,9.864,14.438,16.564,6.409
2000-08-05,0.086,0.02,,0.148,2.722,3.657,10.15,16.643,15.068,7.956
2000-08-06,0.002,0,,0.148,2.754,5.99,11.351,16.711,16.897,8.29
2000-08-07,0.012,0,,0.147,2.918,5.736,11.513,17.29,17.502,7.628
2000-08-08,0.31,0.272,,0.146,2.734,5.663,11.32,16.978,16.423,7.485
2000-08-09,1.087,2.496,,0.148,2.768,5.68,11.225,16.77,15.381,8
2000-08-10,2.587,6.707,,0.155,2.67,5.965,11.285,16.606,17.089,8.199
2000-08-11,0.091,0.047,,0.17,2.77,5.683,11.368,17.053,16.232,8.084
2000-08-12,1.218,2.727,,0.182,2.87,6.129,11.465,16.801,16.76,8.054
2000-08-13,0.378,0.351,,0.187,2.61,4.905,10.788,16.67,16.518,8.137
2000-08-14,0.14,0.055,,0.187,3.021,4.829,10.712,16.594,17.454,7.844
2000-08-15,0.037,0.003,,0.181,3.423,4.814,11.245,17.676,19.21,6.885
2000-08-16,0.025,0.001,,0.174,3.471,3.472,10.381,17.29,20.016,6.34
2000-08-17,0.014,0,,0.163,3.636,3.657,11.094,18.53,20.131,6.624
2000-08-18,0.031,0.002,,0.153,3.372,4.633,11.217,17.801,19.447,6.344
2000-08-19,0.026,0.001,,0.147,3.126,5.844,11.15,16.456,18.407,6.736
2000-08-20,0.08,0.028,,0.14,3.425,5.836,11.688,17.54,18.891,7.328
2000-08-21,0.017,0,,0.138,3.259,4.504,10.673,16.842,18.998,7.101
2000-08-22,0.018,0.001,,0.136,3.279,5.253,11.415,17.577,19.213,7.039
2000-08-23,0.009,0,,0.135,3.325,5.507,11.52,17.532,19.353,7.047
2000-08-24,0.002,0,,0.133,3.4,4.719,11.098,17.476,19.361,7.352
2000-08-25,0.004,0,,0.131,3.365,4.681,10.965,17.248,20.216,7.814
2000-08-26,0.003,0,,0.13,3.095,5.541,11.233,16.924,18.651,7.812
2000-08-27,0.043,0.004,,0.129,3.259,4.887,11.556,18.224,18.539,8.05
2000-08-28,0.029,0.002,,0.128,3.412,6.311,12.517,18.722,19.223,8.421
2000-08-29,0.026,0.001,,0.126,3.268,4.203,11.188,18.174,18.73,8.216
2000-08-30,0.039,0.003,,0.126,3.151,5.115,11.459,17.802,16.692,8.126
2000-08-31,0.015,0,,0.125,3.429,4.693,11.321,17.949,20.883,6.665
2000-09-01,0.169,0.038,,0.131,3.265,4.96,11.668,18.377,20.797,6.633
2000-09-02,0.077,0.009,,0.131,3.297,3.881,11.082,18.283,21.821,6.898
2000-09-03,0.137,0.027,,0.131,3.285,3.146,10.076,17.006,22.13,6.077
2000-09-04,0.094,0.013,,0.131,3.465,2.998,11.25,19.502,21.439,5.387
2000-09-05,0.167,0.038,,0.131,3.497,3.44,11.407,19.374,22.477,5.529
2000-09-06,0.07,0.007,,0.131,2.86,4.578,11.458,18.338,21.168,5.918
2000-09-07,0.003,0,,0.13,3.235,4.26,11.561,18.862,22.133,5.655
2000-09-08,0.011,0,,0.128,3.478,3.716,11.226,18.736,21.851,4.894
2000-09-09,0.031,0.003,,0.126,3.424,4.337,10.9,17.462,20.884,5.005
2000-09-10,0.064,0.008,,0.123,2.785,6.329,11.221,16.113,18.085,6.515
2000-09-11,0.107,0.016,,0.122,3.552,4.466,11.562,18.658,22.611,5.746
2000-09-12,0.173,0.043,,0.121,3.374,4.954,11.952,18.95,20.55,5.869
2000-09-13,0.141,0.031,,0.12,3.024,5.795,11.666,17.538,19.896,6.838
2000-09-14,0.056,0.006,,0.121,3.25,5.092,11.391,17.689,19.395,7.266
2000-09-15,0.13,0.035,,0.121,2.87,5.846,11.918,17.989,15.428,8.128
2000-09-16,0.363,0.293,,0.121,2.867,6.363,11.805,17.247,15.141,9.455
2000-09-17,0.148,0.038,,0.122,3.326,5.473,11.364,17.256,19.677,8.698
2000-09-18,0.579,0.551,,0.123,3.373,4.48,11.082,17.685,19.829,7.839
2000-09-19,2.22,5.443,,0.128,3.109,5.098,11.403,17.707,17.371,8.371
2000-09-20,0.527,0.612,,0.139,3.095,6.337,12.034,17.732,20,8.67
2000-09-21,1.165,3.814,,0.148,3.289,6.224,12.313,18.402,19.942,8.885
2000-09-22,2.229,11.6,,0.155,3.148,6.987,12.037,17.087,19.486,8.92
2000-09-23,1.23,4.041,,0.165,2.895,6.533,12.011,17.488,13.832,9.656
2000-09-24,0.322,0.202,,0.175,3.422,4.791,11.795,18.798,18.343,8.306
2000-09-25,1.667,6.769,,0.18,2.949,5.621,11.566,17.511,18.255,8.714
2000-09-26,0.755,0.839,,0.18,3.178,6.942,12.839,18.735,18.336,8.734
2000-09-27,0.995,1.366,,0.179,3.255,6.25,12.556,18.862,19.094,7.641
2000-09-28,1.482,2.438,,0.176,3.095,6.289,12.379,18.468,14.128,8.412
2000-09-29,0.555,0.238,,0.174,3.158,5.346,11.29,17.234,17.384,8.46
2000-09-30,0.223,0.089,,0.171,3.487,5.686,11.871,18.055,21.417,8.189
2000-10-01,0.237,0.043,,0.162,3.77,5.597,11.882,18.167,21.558,8.01
2000-10-02,0.475,0.677,,0.154,3.504,4.754,11.603,18.451,22.5,7.554
2000-10-03,0.644,0.665,,0.149,3.403,4.744,11.499,18.255,20.512,8.146
2000-10-04,2.877,9.078,,0.148,3.487,4.822,11.336,17.85,19.338,8.443
2000-10-05,1.89,2.508,,0.155,3.504,4.989,11.677,18.364,21.617,8.237
2000-10-06,2.284,3.962,,0.172,3.407,5.852,12.394,18.937,18.375,8.872
2000-10-07,1.786,2.456,,0.196,3.306,6.027,11.393,16.759,17.548,9.587
2000-10-08,4.702,17.327,,0.211,2.908,6.492,11.189,15.885,16.632,9.809
2000-10-09,2.139,1.824,,0.227,3.614,6.528,12.13,17.731,17.754,9.189
2000-10-10,4.143,3.63,,0.244,3.086,6.879,11.622,16.365,17.765,9.598
2000-10-11,5.01,13.218,,0.262,3.201,7.049,11.931,16.814,18.894,9.503
2000-10-12,2.066,2.987,,0.28,3.373,6.589,12.017,17.445,20.592,9.175
2000-10-13,2.729,4.971,,0.294,3.279,5.124,11.176,17.227,19.714,8.795
2000-10-14,4.014,16.165,,0.303,3.7,5.553,11.763,17.974,19.996,8.783
2000-10-15,1.556,2.892,,0.304,3.614,6.67,11.767,16.864,20.565,9.136
2000-10-16,0.3,0.145,,0.303,3.64,5.629,11.662,17.694,19.961,8.957
2000-10-17,0.305,0.193,,0.282,3.867,6.504,12.657,18.809,20.149,8.843
2000-10-18,0.259,0.063,,0.26,3.928,7.325,12.905,18.484,21.484,9.028
2000-10-19,0.882,0.715,,0.23,3.195,7.217,12.292,17.367,18.02,9.545
2000-10-20,0.813,0.824,,0.212,3.419,7.03,12.271,17.512,19.082,9.903
2000-10-21,0.167,0.036,,0.193,3.321,6.408,12.447,18.485,19.574,10.233
2000-10-22,0.452,0.215,,0.172,3.754,5.738,12.14,18.542,22.799,9.156
2000-10-23,0.326,0.109,,0.159,3.917,4.676,12.175,19.673,24.492,7.985
2000-10-24,0.534,0.409,,0.152,3.798,5.426,12.437,19.448,20.883,8.204
2000-10-25,0.259,0.093,,0.148,3.404,5.034,11.483,17.933,24.268,7.449
2000-10-26,2.783,7.089,,0.148,3.356,5.28,11.695,18.109,23.348,6.391
2000-10-27,0.748,1.012,,0.157,3.515,5.301,11.676,18.05,27.16,5.288
2000-10-28,0.322,0.083,,0.172,3.648,4.926,12.259,19.592,27.518,4.123
2000-10-29,0.113,0.011,,0.178,3.663,5.683,12.548,19.413,24.963,5.666
2000-10-30,0.005,0,,0.168,3.821,6.378,13.161,19.944,23.194,7.665
2000-10-31,0.017,0.001,,0.153,3.59,5.348,12.541,19.734,22.133,8.059
2000-11-01,0.026,0.001,,0.135,4.118,5.181,12.146,19.111,24.531,7.299
2000-11-02,0.31,0.064,,0.123,4.48,4.953,12.457,19.961,26.904,6.161
2000-11-03,0.009,0,,0.111,4.204,4.141,12.095,20.049,27.573,5.032
2000-11-04,0.015,0,,0.104,4.052,3.453,11.63,19.807,27.554,4.273
2000-11-05,0.199,0.026,,0.098,3.996,3.377,11.565,19.753,27.976,3.973
2000-11-06,0.024,0.001,,0.094,3.993,3.041,11.292,19.543,27.908,3.822
2000-11-07,0.015,0,,0.089,4.111,2.916,11.049,19.182,27.996,4.142
2000-11-08,0.02,0,,0.086,4.223,2.769,11.151,19.534,26.966,4.135
2000-11-09,0.026,0.001,,0.083,4.199,2.577,11.281,19.986,26.752,4.696
2000-11-10,0.195,0.025,,0.081,4.149,2.773,11.398,20.022,27.203,5.573
2000-11-11,0.023,0.001,,0.081,3.799,3.292,11.3,19.308,26.727,5.877
2000-11-12,0.296,0.056,,0.081,4.004,3.361,11.585,19.808,26.406,6.109
2000-11-13,1.041,0.876,,0.085,4.059,2.674,11.101,19.529,27.358,6.31
2000-11-14,0.026,0.001,,0.096,3.931,2.43,10.937,19.445,27.053,6.184
2000-11-15,0.42,0.121,,0.103,3.706,3.54,11.433,19.327,26.928,4.917
2000-11-16,0.02,0,,0.107,3.049,4.546,11.496,18.445,19.367,5.878
2000-11-17,0.367,0.109,,0.105,3.128,6.6,12.406,18.211,15.213,6.9
2000-11-18,0.734,1.098,,0.104,3.807,6.597,12.942,19.287,18.431,7.046
2000-11-19,0.057,0.003,,0.107,4.012,5.296,12.808,20.32,21.025,8.128
2000-11-20,0.02,0.001,,0.107,4.158,5.737,13.143,20.55,21.047,8.54
2000-11-21,0.069,0.006,,0.104,3.93,5.303,12.726,20.148,20.098,8.703
2000-11-22,0.767,1.034,,0.1,3.001,7.074,12.591,18.108,14.991,8.367
2000-11-23,0.892,0.73,,0.101,2.668,6.907,11.385,15.863,18.325,8.31
2000-11-24,2.17,3.78,,0.111,3.625,7.083,12.666,18.249,19.331,8.047
2000-11-25,1.875,3.804,,0.133,3.762,7.858,13.366,18.875,20.84,8.873
2000-11-26,4.976,19.795,,0.152,3.577,7.56,13.283,19.005,19.579,9.63
2000-11-27,4.085,14.679,,0.198,3.032,7.557,12.76,17.962,17.608,9.754
2000-11-28,1.53,3.023,,0.236,2.725,7.575,12.242,16.909,15.069,10.467
2000-11-29,2.451,4.434,,0.261,3.279,7.918,12.826,17.733,19.408,10.264
2000-11-30,3.076,16.414,,0.273,3.18,8.328,12.458,16.588,19.157,10.359
2000-12-01,2.272,3.111,,0.274,3.546,7.324,12.556,17.788,17.56,10.112
2000-12-02,2.853,5.292,,0.28,3.215,6.673,11.863,17.053,17.528,9.426
2000-12-03,3.261,6.412,,0.286,3.231,6.541,11.689,16.837,16.192,10.082
2000-12-04,3.551,1.81,,0.297,2.881,6.774,11.395,16.015,14.29,9.902
2000-12-05,0.347,0.095,,0.309,3.419,6.467,11.675,16.883,19.177,9.964
2000-12-06,0.305,0.069,,0.298,3.027,6.184,11.254,16.324,21.345,9.007
2000-12-07,1.814,2.762,,0.266,3.359,6.791,11.972,17.154,22.101,8.694
2000-12-08,4.757,10.181,,0.244,2.757,6.942,10.954,14.965,16.628,9.249
2000-12-09,3.931,4.699,,0.255,3.083,7.604,11.519,15.433,16.731,9.98
2000-12-10,7.947,21.31,,0.308,3.22,8.018,12.417,16.817,16.09,9.781
2000-12-11,0.46,0.161,,0.397,3.822,6.88,12.196,17.513,22.288,9.137
2000-12-12,0.219,0.041,,0.438,4.601,6.126,12.732,19.337,26.877,8.04
2000-12-13,0.244,0.033,,0.41,4.145,4.737,12.212,19.687,27.251,7.174
2000-12-14,0.367,0.095,,0.334,4.33,4.77,11.856,18.942,25.04,7.949
2000-12-15,1.451,2.693,,0.263,3.621,4.705,11.271,17.837,22.316,8.682
2000-12-16,1.937,0.888,,0.224,3.32,5.477,11.194,16.912,18.355,8.948
2000-12-17,5.434,12.218,,0.218,2.935,6.316,11.321,16.326,18.529,9.12
2000-12-18,3.146,3.022,,0.25,3.192,7.057,12.081,17.105,15.582,9.467
2000-12-19,1.194,0.685,,0.298,3.544,6.204,11.797,17.391,21.104,8.769
2000-12-20,5.102,17.248,,0.336,3.241,6.526,11.48,16.434,17.488,9.657
2000-12-21,1.526,1.844,,0.357,4.021,6.015,11.785,17.554,22.891,8.902
2000-12-22,2.931,4.915,,0.394,4.454,6.64,12.102,17.565,23.698,9.229
2000-12-23,2.61,3.416,,0.397,3.583,7.164,11.957,16.751,21.621,9.514
2000-12-24,1.804,2.995,,0.397,3.984,7.053,12.778,18.502,22.57,9.517
2000-12-25,3.191,14.492,,0.384,4.22,6.216,12.65,19.085,22.053,9.478
2000-12-26,3.037,7.897,,0.376,4.001,6.522,12.829,19.136,21.061,10.06
2000-12-27,8.079,15.811,,0.41,3.177,7.112,11.608,16.103,16.955,9.836
2000-12-28,8.916,23.319,,0.524,3.128,7.973,11.788,15.603,14.465,10.455
2000-12-29,10.321,48.951,,0.694,2.536,8.026,11.268,14.51,14.652,10.853
2000-12-30,4.055,8.736,,0.923,2.457,7.692,11.267,14.843,14.153,10.793
2000-12-31,5.335,16.876,,1.231,2.698,7.249,11.353,15.458,16.289,10.567
